QBCRGNATHR,VNrd12154,NOSS26840,395,1.0
JRRVCYLTKX,DNig39858,NNRT76739,148,1.0
ASLQVTFUYO,YQqy38878,POSR67397,222,1.0
KNEJILYUEZ,GOtz14046,OMTR66555,104,1.0
ALLNDPWREI,JJhp66345,NNTS09217,379,1.0
UPVCRJIHQX,JBnn42856,POQR18950,304,1.0
HGRHDFGJHM,CDfx61210,MOTS18877,298,1.0
BPDOEZFOVN,XRox78073,OMQR85574,22,1.0
EDHQLCHVQY,JVyg67610,MNQS74740,472,1.0
EVUAKZLMRP,QLqv54677,OORS81030,191,1.0
TUCEVKPPCJ,JFma06385,ONRT84143,130,1.0
HPJIWJGZVE,OOxu29859,OPSQ82194,67,1.0
RJWQMIBRAI,PQil39325,OOQT40404,70,1.0
HKOJBSADUC,WYhm37266,OMTQ59969,314,1.0
DLREIIYTMY,TFmd28518,MMST83295,258,1.0
CDJKHWNKLQ,MZtm96402,OOQT62568,338,1.0
LZNSNGSGAU,GGrb67929,OPRQ70973,306,1.0
RVARAHEFWU,ZCqz27378,PNRR89811,281,1.0
HISDTWMGIJ,SLro05288,PNQS20936,94,1.0
BEQKUMHNUG,TRtf85869,NORQ27685,278,1.0
IMMNOUHBQP,EIri12721,PMST21010,346,1.0
CDYXLBPIWY,RGpt27938,NMRT68981,176,1.0
UBXFJDGOGQ,VUql49464,PNRQ58546,155,1.0
UKXZDGRNRS,VSxd92050,OPSS54691,351,1.0
BKKHIMCYDM,PKte80238,PPRQ27984,12,1.0
TFSHILQSNA,MUll18765,NOSQ98317,99,1.0
BYYTHKFRWF,JXcz32235,NORS90867,14,1.0
AFDSVXFVXG,TJiy10083,PNSS59167,476,1.0
JBLZPLOTNY,MJrw38205,OOSR28664,285,1.0
JWJIAGPQNF,RQvo78778,OPRQ46983,123,1.0
NTVWYZKFVK,BAnz02290,OOQR49802,364,1.0
AUARXGEPTA,HRrt68319,ONRT21738,152,1.0
KSKHNLTUMJ,WClb44136,POQS15120,239,1.0
AMHXLTUAVC,TDil18329,PNTT19097,421,1.0
DQZOHQDTDE,WYyw39578,NPTR09142,6,1.0
TOMRSPAJFU,RScs57452,OOTR42586,241,1.0
VMNNQZQHAC,DObo60257,OPTR01237,284,1.0
NUUGGYAATQ,JXjh69939,POQS00799,182,1.0
RRIWWGOZGK,TAbn29212,OOTT66939,475,1.0
RQJNVEENHT,KUpx57733,OPRQ37389,398,1.0
BCLTIRTROL,VPpx29567,OOQQ78353,361,1.0
DKOQBHCYBB,MJxf39011,MNSQ61632,302,1.0
VXFZFMDLBC,DLts67209,PPSS41872,171,1.0
JFVFQLPUHJ,AHdp24023,NNTS47215,199,1.0
YRAFYEBEWM,UFmh90387,NOTQ38820,82,1.0
STEFYIWSHU,YGci93414,ONSS74609,234,1.0
UZDSEPQMVW,XZjl48897,PMRQ75209,325,1.0
PHOZLXPMNJ,WDdk38921,PNRQ38822,19,1.0
GMJVUNGEAW,VBlw62330,NNSS42046,206,1.0
YXBERHSXYM,NPls07051,NNRT40683,360,1.0
EKMVVUNIBL,AIay57233,OORS07466,170,1.0
SWJFOWUXGP,NOzt32602,MPRS76650,200,1.0
YPNVFCDLFC,XUtm56945,NNRT18078,172,1.0
AKVXTWTBDM,RIzz61692,MOSS91751,205,1.0
DOPADSLWVR,VAmp17530,OPQR64541,197,1.0
OFRTXUQVWJ,PHnj12596,NMRT34353,132,1.0
JDJERNABOG,YUbv55326,NOST54693,218,1.0
OXVIHVSTIW,CKgn37746,POTR25393,308,1.0
SRCFUJZWCB,ACsb84167,POTT01587,72,1.0
VFIILVLERK,NBus24175,ONQS37060,40,1.0
VAOPDNWAXT,DErd99997,MNSR71528,147,1.0
CQBVWMRHLZ,ZStr34207,MOQR68802,469,1.0
YIXROBFFJN,ASuq85532,OMQQ78064,66,1.0
QHYHTRZTFJ,PYga49996,MOTS93396,460,1.0
QSVELWOQIP,MTuw37110,PPQT58327,135,1.0
FQOZYYTFXN,VGom32331,OMTS98964,286,1.0
BQLXUMQSMJ,XOyx71498,OPTQ29668,45,1.0
OQOEOVEIOS,VTnt83967,MOTQ43194,219,1.0
EGSAUEVXKT,HHpy97373,OPST31535,387,1.0
PHJUGLWMZW,RMnm56181,NMTT10544,208,1.0
OZQWMDOAZM,ZHqn87251,POTS06797,415,1.0
UDYOADPFBG,HCzg55046,POTQ03674,242,1.0
LVVLUCRQWP,QTmg42445,OPTQ49450,323,1.0
OLUJDUEIRZ,OUir58999,NPTT83457,435,1.0
LEEXICGYPL,TBpx99361,MMRT84640,87,1.0
CNSJMQAAMC,PCad76791,MPTR70166,266,1.0
ADXJAFTFTK,HPud05716,NNRR38201,69,1.0
VZXZPXSJVA,ZKbw77499,PPRQ42810,425,1.0
PAMTODTHDX,TIfi95146,MPST03941,54,1.0
FGFWSMOGVI,GXpz67067,PMQQ18631,426,1.0
NDFUUMRKJS,UUxn78323,MNRT99526,494,1.0
AJYLVXIFID,VFiw76989,PNQS03242,410,1.0
XIGZYHCEAX,SAcj94729,NMRS62566,431,1.0
BPZGCVDIMZ,ADqb71689,NOTT03375,455,1.0
XQBPDXIEIA,NKjo91912,MMTS89459,117,1.0
YOXTUALENJ,TLhz92352,POST86771,49,1.0
JJFVJBYOIV,RKrr56131,NNQT87938,474,1.0
MOGVLKNVMJ,NNhc85863,PPSS55869,179,1.0
DKZVWBTXEJ,VXum90718,MPTR95119,35,1.0
SIYDULWTYY,ZIbi70880,PPSS87785,406,1.0
JVJMQZFJZX,JHkc11091,PMSQ11585,185,1.0
NDMMGYKGRR,KJrk01112,MNRS76649,180,1.0
YTNXMIUTDG,QTqt12156,OOTQ32126,438,1.0
LSYOFVNBOZ,SWkd11242,OMRQ68740,436,1.0
MLLUIYWMBO,PRiv13723,NNQR04881,317,1.0
KPSRYVEIVE,XJsi25124,OMRR31167,404,1.0
TSLVEVBQZB,OMof54027,NOTT40342,227,1.0
RBFLDHOOEL,RFex74624,ONRS19894,43,1.0
KNFMWSJTPX,EZkp58394,MOSQ59463,160,1.0
NCXXVXFMWJ,APoa23136,OORR59306,444,1.0
QCDTEANHHA,ZTfq62781,MMTQ31321,183,1.0
VNJUMUOSMY,QYvy35822,POQQ39814,343,1.0
ZHLOSJTAEZ,XPat04076,NMRR07874,471,1.0
VMRPGECGSY,PFhv91428,MPTQ96643,46,1.0
WLNTNSIEKB,NZlv13016,OOSS50630,150,1.0
AQIFIGMZSE,LDag88978,POSQ99608,403,1.0
EUERAHCILS,HIye35594,ONTT25161,229,1.0
FAVNUPPJXL,ZPvd39650,NPTS95708,146,1.0
VTGNZCPSEV,RGod77214,MNQT82766,385,1.0
WGTXJHDBEL,EPmc34341,MORS79665,213,1.0
JPLLRFXRPG,MEeg39674,OORT73836,430,1.0
VHFZYGKLUJ,YFei19712,OPRT43695,315,1.0
EKKAAGECSO,SNsp40164,MNQQ18461,399,1.0
TKDZYYMCGE,RGsz24072,NOQR57917,161,1.0
PGBYAYKWGW,VVee80634,NOSR39882,303,1.0
GRPLHNBYKT,CXet65060,MPTS47821,478,1.0
RIFMXMNZDS,YYkj26922,PPTQ96093,30,1.0
DXROJKNVWS,CCqa83440,MOSS98920,470,1.0
TYZAVHDLHG,BJjd58762,NMQS36879,17,1.0
XJIUSQMBPQ,ZJdr88426,PPSR59603,345,1.0
YACNIISCHB,UErp14685,NOTR68140,97,1.0
SVLVFHHSPD,VAib07723,ONTQ55228,363,1.0
STEOORVCNJ,KTjn98854,NNQQ14715,128,1.0
LQAETSGMUI,TDqc27348,MNSQ80914,445,1.0
TTXQKSHRXD,GGpi78672,POQS02371,267,1.0
JUPJGEWTCG,RWfh79603,NMRQ70339,299,1.0
TJOADJTIXC,LMcj11720,MNTS08201,396,1.0
NTSCUVUDIK,DBgc20703,OPQR07184,88,1.0
GGLEDIZUIB,BGcc76863,MNTR37219,225,1.0
HRHPCHRDTY,SSpc55778,NPTQ17069,216,1.0
FDLHUOMKPO,YPuo56916,OPRS53860,482,1.0
UUIIKEDYGB,KHlk16587,PMTT91162,272,1.0
OPYVWGVVJF,KWoc16207,PMRS08822,365,1.0
NOBIIFVZRC,RFsa19013,OPTS62240,300,1.0
KNIPQHZFYJ,AQgl58157,OPSR86859,259,1.0
XAENSMHANP,RExz16341,OOQT44060,268,1.0
GSSFVGUCSJ,VWww08250,ONST87221,34,1.0
TQPAWVLHIH,DXpf31217,NNTR28263,491,1.0
ETWWHUPHFE,FLzc33191,MNTS93388,362,1.0
DWZXJPIYTK,YUgv11750,NORQ97673,329,1.0
AGRHVXQXFX,AYxf10518,NOST98824,342,1.0
FDTMGGFNBJ,SZhs66408,ONRR00508,422,1.0
ROCOJSYGFA,XWcd17351,MPST98508,226,1.0
TWCAQJHTCU,AXqq12589,PPTS25214,232,1.0
CRBOBLWCEV,DRud16490,ONQT47631,370,1.0
NIAJLMRGLA,EPlc18646,POQT06097,157,1.0
VSYYHNKLHI,NTfz21156,MPQQ12594,443,1.0
CXUUVWKUVH,HAbi75909,MMRQ11607,337,1.0
JQABYEYGHZ,ZKhy18386,MPQQ98030,249,1.0
RMTXOZCIVK,KRdc33229,OOST81837,41,1.0
PJFLVIWNQA,CMvr82447,MNTQ95949,498,1.0
SMZKMKIGYQ,QQmp32767,ONTS67632,65,1.0
ASVRFXPKQD,CXof54398,MNRQ46626,109,1.0
YZVVHXWPBS,DEcj07135,NPQR33111,122,1.0
EUPACGPWXB,UPoz01334,MPTQ22761,80,1.0
KJFDSOPPDU,TRvw54005,PPTQ24189,439,1.0
SAXJETMBJL,GSja88967,ONRT21120,237,1.0
RXNNOZAWTY,WYmi56375,MMQS41401,288,1.0
FIQKKHPVVO,TFge88451,ONRQ63823,388,1.0
ZJVMDQXGHM,WMev67556,OOTS73196,367,1.0
FKXKFEYBMC,DLuz91093,MPST37706,401,1.0
RXAVWDYMBG,RAbt65961,PPRT09345,270,1.0
TRWWNKOPYU,BWyo50813,OMRR49678,477,1.0
VSYEGFLRCE,AFgc68449,PMQT32315,71,1.0
NDQKJVUBJA,WZif68054,OORR20301,25,1.0
NZWHCGFJDU,SGzd67609,OORS98179,349,1.0
HBRGHAXLDF,FEzl22105,MMRQ75453,13,1.0
FMVJBAHJLY,OUoh78830,OMSQ80618,139,1.0
QKSPLQPBLU,WFfp63407,OPQQ96774,473,1.0
DGPAXJQZHN,SEgm42446,PNRT82312,184,1.0
QYRSMMMBRL,OYbo97807,OORQ29297,96,1.0
QGQALXZUAO,LAsj79782,NMRR28812,149,1.0
UOOCNIYOSG,AFma54461,MNQQ12959,243,1.0
RVAYGTIFPH,YJtw93263,NOTQ87566,375,1.0
JIDNHQWUAV,FKgd56075,POQS55774,366,1.0
VMIHAACVZD,QLeq29774,MOQQ76851,383,1.0
MEDLQRTCKM,ZTae18996,PPTS36470,448,1.0
CPEPZHYQHU,JZrz14370,MMQT63899,196,1.0
XZIIEUSGQJ,HOuk43701,NOTT46460,378,1.0
TYZCXVCMCT,XOss77708,OPRR48233,313,1.0
MTUYQHDMAG,RApa57818,OMRR88525,263,1.0
NDOHLRFLGO,ZLjz56726,MNQS37388,339,1.0
BVSTUINLHB,WSjt44352,PPRT23542,251,1.0
GZZMGOZIOZ,TOon92490,PMTR98306,210,1.0
KESFSTAKOT,PLaw47665,NPSS12523,168,1.0
UYNHWPBEKA,ULea75889,NPST60653,75,1.0
TDDCMSRMPZ,UGdg95647,MMRT19029,116,1.0
TTNBSARXQJ,PTtq03931,NOSR24718,188,1.0
LYJBAJGZUI,ECpl27658,PPTR04593,280,1.0
FVKANRDDQB,WGms97439,NPQS75437,376,1.0
GKUYZOVLXP,WJeu15326,PNRR47462,282,1.0
AKYPGBKKTW,XKag71286,MPTT25507,254,1.0
XIWHPAKLIX,UKlw56818,OORT43148,293,1.0
KIQAPDFRTB,KNcu50943,PMSR35179,60,1.0
QKHVLDEJPV,LMdj65020,PMST99185,311,1.0
NBKWEPYBPN,EOny90701,OOQS47353,487,1.0
JXQYQHPSUO,LMzf75579,NNRR78688,248,1.0
GFEHQMEOUB,QCxz39051,POQR80525,223,1.0
YKBLGOXKPY,WUdv85931,NNRS82657,372,1.0
CYYLEOSYHC,DHyr35126,MMTS85362,452,1.0
AVYBNWCJPG,PLos58863,MMQQ49230,77,1.0
DHMZSSFZUZ,YAdx90883,MNTR16720,252,1.0
JFVKDUCHTC,SEbn79571,PPSQ39870,467,1.0
KFPVLAJRWV,GOen16127,MMQQ25943,316,1.0
FLYYBQFEXB,NPig54009,MORS51153,260,1.0
RVWTFEDPCC,SLtk82949,PNQS06077,271,1.0
PFVIMXZRYE,RPid53995,MPRQ14165,189,1.0
LWJZTSIQAB,ADeu34034,NNRS39995,296,1.0
GUJOWYEZEI,HTbc96399,PNRS96527,204,1.0
RNVOTGLUMJ,HYji54740,MPRQ00304,8,1.0
HYNWSIGHCD,PLrx89642,OPQS25495,233,1.0
HSUXQIPRKE,MWlv00141,NMSS69222,10,1.0
WOJXMUKCFU,BBbw15228,MPSS15195,63,1.0
GUNDKPLSNE,ZMej65042,PNQQ52503,58,1.0
WFBPOIIBSI,VFid23030,MPRQ85675,441,1.0
IQRPCBDMZO,KNdt55871,PPSS61152,114,1.0
BGOIWRTVHB,JFze08441,NNQT54519,456,1.0
UNRSEBZLBZ,RZjp32681,OOST72525,423,1.0
QHQBREKXJU,XPsu63522,POSQ42765,287,1.0
QHXWYNRGIB,OGnz62160,MMTT73324,335,1.0
UYTPJBMFIE,MAnu60511,PMSR25818,500,1.0
RJVMTRWGDG,CQnm12736,ONTR13861,9,1.0
EZLFEKQXXZ,FTqk88972,MPSS56161,173,1.0
BEDBILCZPB,KTju08959,MOSR79085,231,1.0
KDJITJJSKN,QKvc55704,NNTT21842,201,1.0
SOOEQKZVSH,QTfh69865,ONTT88391,344,1.0
JXGCDOELXM,UEwf68796,MORR89293,51,1.0
XAUJFIAVFB,LIuo34485,MMRQ10474,377,1.0
MHUXXPGUIG,LObi91088,PMSS34599,73,1.0
EJWHBBMFJA,QBfy95168,MORR84514,262,1.0
ZOFWXYYDJE,NYbe11936,PNTR11457,124,1.0
VPENESPTOP,MAto66726,PMQQ53809,393,1.0
LSHYJSNQHR,TAtt89007,PORT76651,356,1.0
KYJDSXQQMF,NHds39440,NMQQ96146,5,1.0
BOICPHEEIH,UZgr47365,POST38001,334,1.0
QASWFDYAMX,NUxd08127,NPRR02820,125,1.0
DNJKKQSXID,FYsu34198,MMTS80262,186,1.0
UCTMWZLWQY,NHfc54059,MPRR34571,192,1.0
DRUYAZOMTM,NQev11215,PPRS01908,57,1.0
KCWOBZNZUZ,HNpt69177,MPQR79729,64,1.0
QCSFYMDMSR,TBjw31044,PPTS71097,291,1.0
CXCNLGYQWI,BEyq98722,PPQT91106,235,1.0
ZHVNEOEMHJ,TKyp93399,OMSS09096,461,1.0
FEFTSBNRHO,QDhf31948,NNQT34676,230,1.0
UEBQGHGDUM,WUdv73009,OPRS76337,496,1.0
IUSAWARDPG,GSwr60125,MPRS05436,289,1.0
OUAXYHCOOB,LUjq48153,MMTQ74645,429,1.0
CHGFGSRRCD,WMwi70682,MNRT40039,499,1.0
JKLFBUUHHM,KZkn70516,PPSR35715,21,1.0
KNISMHPULS,SFtl56103,MPSR03753,236,1.0
AMMNVAGTDK,IQnc58040,MMQQ58782,352,1.0
PVYFVIIEOH,SLdt76628,NPTR79005,140,1.0
JURAYWTRSR,COzo34553,PMQS57749,110,1.0
CKGCOXRNTH,URud75128,OOQS52609,276,1.0
XDSPXGPYTE,GAyh62298,NORT09944,463,1.0
UCLOEIECIW,BAno65064,NOSS91195,162,1.0
DGBSLRWNZH,KPlv11075,MNQQ50090,203,1.0
MPCNASQRGS,DGtk84354,MMSR61591,330,1.0
UBAXQDZMLN,JVgy67360,NNSS89952,336,1.0
XKWFHTSYCR,OQek25224,PORQ59475,312,1.0
OCEHUKBORB,VKbp07981,OOQT13408,433,1.0
XMXFPNHQJA,KEvm79497,OORR17145,413,1.0
VDZWFUWMFG,RTlz20819,PMSR21767,228,1.0
EMPSOVLUHH,OGug62722,MMQR06049,407,1.0
COSYWHKIYB,TQgf91132,MPTR07000,90,1.0
FFQTEGEYYP,EKtx77477,MNRQ43290,36,1.0
REVCTCPUEE,ZAju81148,NORQ72583,175,1.0
WVMZFNNDKE,KAnl25061,POSS73404,294,1.0
DLXSDJMZWZ,TFwr40565,OOQR13175,138,1.0
JVVPCCGTIM,UIho17598,POQT37851,454,1.0
MLJEGJQHYC,XZyv51212,OPTR60284,341,1.0
WZFSPXTTWS,FScp66447,OMRR25802,74,1.0
PKZASFBDIF,NHvz10028,MNQT47777,107,1.0
BAXCWUNUIW,HXmx32288,NMSS14726,217,1.0
ZSRWYOIVHD,JDph87913,NNST14685,292,1.0
TOHAFDKNIO,JNek01142,NOQR19439,446,1.0
CYRFSOPYKJ,DFxd55098,NOST32468,380,1.0
XFMVNRRGYW,VLpy02694,PMTS35673,374,1.0
PJBYPZJGKZ,ZWhl98872,NMSQ59134,283,1.0
BZGGBWLLXK,KTqu67603,MMQT46857,112,1.0
QEDRDBPCFD,BUkr94156,MMST71627,257,1.0
YLTTVQYUSB,BWnu17823,NNTT76163,420,1.0
VTRPTAICDU,SErm24349,OPRQ11461,256,1.0
OXWPTDMZTY,XPre98823,PPTR67333,100,1.0
JYCHWTARKN,NFox50972,PMRQ98645,214,1.0
YIOPSADVEM,OQha28359,PMRQ66389,389,1.0
IONDHHOJCK,IFws32983,NNRS47521,144,1.0
RWNVLCXSIF,HYlb51353,MNQT33430,158,1.0
QNONWXGFAY,EBnp45702,OOQT72594,253,1.0
CBYVCXTMQD,UNyw23639,MPTT39966,93,1.0
KWFIAPMKHL,EAdh28352,OMTR97682,412,1.0
UGCMLFWFNX,DNiu96361,OOQQ24895,11,1.0
MEFPSGOBMO,FFrh24809,NMRS21275,453,1.0
XXXISWQYRD,IRdn49148,PMST60832,119,1.0
JANLYRIUIF,GQxr93796,MPSR77994,153,1.0
GZVPLBFEOB,IQij37339,MOQT87385,273,1.0
DSFYJWGBTY,TZdl93819,ONSQ24509,224,1.0
GXDJCRDLBD,COmv32626,NORT67630,434,1.0
UKGRHSGSEZ,DHzv77617,POTS63208,145,1.0
OLRTMGBTGY,GQhs00741,NOTT77427,418,1.0
VTOAEUSNXZ,PSlj27179,PMQQ02051,497,1.0
JHKPCCDZKT,NMbd83640,OMRR96647,386,1.0
HQYLHYZBOU,DYkl06294,MOSS05414,414,1.0
FNBBPVVNSQ,AQsp17301,PMRR18205,290,1.0
THZDZSJMBL,ENds63629,MPRT88144,353,1.0
OUDFTAYBBY,DYmj83226,MPQT81810,384,1.0
CSNIPKZUWX,PGpe75263,OMSS64707,238,1.0
WFXOYANIRI,EOdi59489,NOQQ84651,485,1.0
RPTMUAIYUW,RDxq75932,PNSQ40356,321,1.0
NGZLRSLHYS,OZbf69445,NMST46092,151,1.0
VQITEKZAPY,DHyb29343,MOQQ58684,301,1.0
AKYMKSEIFF,STfg09350,OMRS41242,465,1.0
HHXHRCCMKL,IXji53881,POQQ18691,127,1.0
YSEHZGIHAH,TJzm13177,NMTR90215,106,1.0
WVKKLAZDFH,WZer92733,MNRT30824,187,1.0
VXNMTNQMNA,XYsx15969,PMRR07871,489,1.0
AVJNTXOLTM,PTkt06436,PNQS16952,33,1.0
RNTZJZPELB,KZfe08316,ONTS04711,279,1.0
JBCEIFADBT,IUto35912,PPTR01809,391,1.0
HQGADIJIAG,KTxr49416,PMTS97839,318,1.0
FTIWNUEHBM,NGbx15722,POSR61909,295,1.0
CJVLZTCJVJ,XCbf06363,MPRR49949,166,1.0
QMLJMQCYSU,CSyq04099,PPRS21856,250,1.0
AITWEQLWHY,OCoa39308,NMTQ28036,442,1.0
DAUFQTHMVQ,RYlz85587,NPRS77260,16,1.0
HKNIEGHMWM,NXhg67933,PNQQ95585,92,1.0
URGEFRIOZB,SOyo48892,OPQS87216,212,1.0
TUYZJNPXGB,YEcx24572,ONQR45409,327,1.0
TNLAMHAEMI,TSid23743,PMSQ18987,29,1.0
YPCGUOJFUV,KSfc84397,PNSS54947,350,1.0
DWYUSKBIPH,FJwv52662,ONRT15432,81,1.0
UZTVGFVFGB,LFuo33004,OOSQ45983,450,1.0
MDPSRPSGQN,MToq09916,ONQT12815,48,1.0
YJQESMYMTK,TUld67799,PMQR08877,133,1.0
TBUUUHFUZZ,OIbh28895,MMRT74741,194,1.0
CEDMKTKECR,WCtb03601,NNSR61138,394,1.0
MSFCDRSPIC,MPiq06542,PNQS03016,409,1.0
PENOPEUBCA,MUpg31375,NNTQ75536,85,1.0
ZKBGDODTOE,NEin21122,OMRR13664,47,1.0
CEYRHYSLJH,OOxx32092,OPSS81764,468,1.0
QIHLLYFJHW,COrr71413,NPSR38431,3,1.0
DCUXCUSIJD,ZJye31124,NPTT97139,428,1.0
NLFNMLPNGG,WRzo31898,MOQS17749,59,1.0
PNQQDQGEWR,VNzy64724,PNTQ20834,42,1.0
YMWQSWBPUZ,XTbc64921,MPSS34944,167,1.0
ZJLQKLLODD,NEyi78704,NOTQ76076,159,1.0
EFQKZJFYEN,NOzg19816,OMRT66391,381,1.0
CQISDFRBGG,XTdr86344,PORR96875,246,1.0
QZTRBMFVHY,GGfl04257,NMQS97125,4,1.0
UEQZYMRDWO,VNjj37216,OPRQ92383,78,1.0
AYYBJRIZAI,MOed93976,MPSS82632,142,1.0
OQSOMOWHDI,RVll99768,ONRS65005,121,1.0
CXSFMLZNRB,RPiy27695,OOTR94893,408,1.0
WTXHBYJUJB,HIvm28802,ONRT62808,76,1.0
BNJOMGXEEE,XQzt90675,PPSS48177,464,1.0
FBJXERKLHY,AHoh32851,OMTT27292,459,1.0
PAGGCUSSWT,MZxz49295,MPTS50060,28,1.0
UXPMATQARC,TCtm47051,OMSR42265,488,1.0
TQNLZWKBKD,QWog72002,OOQS66745,331,1.0
MPKENEOQMM,GKue72967,NMST93230,269,1.0
ZSFVJYBNLN,ZSwx49486,OOTR36934,479,1.0
XRCQKJENED,KTll33948,OMQT11872,113,1.0
YTIKTSJOXE,GQnr52166,MMSQ75513,480,1.0
PHMUJZPOZB,TEmu36297,MOST20372,297,1.0
JMVJALKTTO,FTua61276,OPQQ07663,245,1.0
RKJVPNFQNU,MVwz50223,NPQR77483,79,1.0
XOMBJKWIGL,ZAop88928,PMTQ22116,484,1.0
XGTXGOIRXQ,JZoo76770,OOTT21804,178,1.0
UMMKCRKLDT,SEvf30861,NPRQ60572,322,1.0
ZIGYFTEGKV,VOlr03628,OMQS55313,20,1.0
JZHOOFBHEG,KEvs02971,MOQS34989,427,1.0
PHGSNOSSBK,GDwc98555,POQQ63517,440,1.0
DFZETGRIPL,HDat84149,NNSR85421,56,1.0
PYGBBFUOUR,CWxl85526,OPRT52526,31,1.0
ZGCRJHFXKD,VAos82077,PPSR27462,129,1.0
RRZPNRVCVR,UDiu01507,OOSS43932,181,1.0
UGKJPRINMH,MWvm51319,NNRR25890,326,1.0
QKZMLLRTVO,HVib36358,OMRR66491,373,1.0
UCENZNSLSE,LPro37145,PPRQ75386,62,1.0
TACBDCYKML,MHlb43382,MNQQ99417,247,1.0
DFAXLJKZWD,NRvi31964,PPRR38126,215,1.0
OHZMOXHVOF,LZaz60456,MNTR16282,102,1.0
WPIWVYOMBG,JUke39910,MMRR79567,91,1.0
AIKIOZGQAB,MUrx62934,MPQT76036,492,1.0
SYUGSYKEIL,HGxb07284,OMTS28257,32,1.0
NGCKUOLVLI,UGff46507,PMSS71957,371,1.0
VWDYKFTLNF,JFlv23928,PPSR69910,462,1.0
JPHWPEWDKJ,CIdd54138,PPQS21445,174,1.0
WDYRTBASGO,QUfc56294,MMTR51183,411,1.0
FVANFQHSNU,YPdr12389,NPTR69939,451,1.0
HSNKRBPRJC,BQdv84234,ONSR27139,115,1.0
PQVZGJWSEA,BVva95625,MPRS30375,55,1.0
MEBYTNECUP,BDrb52005,ONSR04907,52,1.0
RJSSHUZOBY,QQtu97109,PMTR44000,98,1.0
QQRIWMJRPM,WNig73231,POST73255,307,1.0
JUANKZEROA,VLfe42100,PORT05418,143,1.0
ZVYKODYURY,FEfo89335,NMQR05844,202,1.0
KMRUYSUJXV,EXjw46015,PMSQ96366,449,1.0
THYWASKLZT,WQsq34501,MOST57859,432,1.0
WAQEBGPFUQ,CNni81201,ONRQ27184,347,1.0
QXAIUHTDUI,AYzo35598,OPTQ01161,61,1.0
VOPFOSPRDU,LGkt56992,MOTQ48990,466,1.0
HFGCPCWCST,JRks27785,NNTQ89567,358,1.0
TPUVAAGMBM,YVdx44059,MNTR72507,2,1.0
MXWCNUUQQF,YCsd41306,NNQT87078,264,1.0
WIRMXVGPVB,XHuy55004,OMRS50422,126,1.0
WSGIWQUDPM,ARsf27605,ONTR87467,447,1.0
FPVIFTOSNB,MPfu18006,MPTQ83233,86,1.0
HHBOQNCNUC,IZvq35929,POTT82804,382,1.0
ECPWJCDNRE,LWtn43413,MPRQ94481,44,1.0
ZOFRFQOIGP,GLmw77199,OMST01915,416,1.0
AGZKPYVJWL,SDdx72188,NMQT20191,354,1.0
FAAIBWPIFZ,UTei26867,MOTT08781,137,1.0
KSTSORMMEF,KGbi19204,PNTS91910,458,1.0
DUFDWRMAKY,DUru92041,NMSS51222,141,1.0
MXJOMZNRJD,NLgc25770,MMTR97037,1,1.0
IEUVAYIDPR,PUql86071,OORS64600,220,1.0
QCFBGRSFKW,VDmq29167,POQS17873,424,1.0
GJVRQUWJAJ,EVkr93310,OOTS16917,357,1.0
SESEYEEPEG,KGuo12072,NPSQ70014,68,1.0
FAQHMPCVWM,COfv21486,NNST95544,89,1.0
LKZKSSVLXS,BPsx78074,MNSS59730,169,1.0
HCNPVUPANS,UIoh37166,OMRT51131,18,1.0
QNWOCIGABR,RGng10080,NOSR41063,108,1.0
YEIRDKFPNK,TViy33835,POTT09239,275,1.0
ULELRZNEHO,LDiq88739,MPTT33693,134,1.0
EGPJCWBMMN,CZxv56168,PMRS39570,486,1.0
DNKAFDEKCA,BRwv08051,NMST03396,333,1.0
MNWFYWAXAN,EQzk51617,MNST51508,255,1.0
RNCNCFEMNK,QQgj72671,NOQT05117,355,1.0
AJPTXRIAYY,PKvw46410,NMSQ30982,26,1.0
WEBWWRTLLZ,ADba32778,NNSS86215,190,1.0
CGFSBHNMDB,MUjq09214,PMST85193,207,1.0
AIVQBFLLQD,JMxu95209,NPTQ58753,193,1.0
FWQULBLCAR,QFve72349,NPST34060,195,1.0
UHFFLKCGME,OEad67395,MPTS97735,111,1.0
FZOZRANKRM,IGgl41051,NMRT47249,310,1.0
ROPBPNWBDU,ISre59187,MOSS56122,177,1.0
OVKVPTIBBZ,UFkw04531,OOTS85324,402,1.0
PMYRLNRYSP,KQqk25983,POQT99922,131,1.0
ABKTMXMGXD,YHvl13226,OOST95056,37,1.0
XQIWKCCTFR,WNei92508,MMTS40759,23,1.0
VXNBKDPMHR,ZYdl52546,MMRT11402,397,1.0
CWAZZHPCFG,RSjy93199,NOSS45500,103,1.0
SHPBEZXLIR,PSsy43324,PPTQ61807,481,1.0
GKXRSHWZWW,GBzv32226,OPSQ09043,457,1.0
YRNCBGAEQS,GAaq13868,OMST04030,274,1.0
REERCGGIRS,FAre70388,NPSS68051,328,1.0
GRISQZWFEQ,KUbx65343,ONST48627,240,1.0
DZALAOOYZL,KExt95351,MPTS56800,95,1.0
YQABCBFAVQ,GEsn38681,PPRQ24582,38,1.0
QCYUFUDLBB,GXpr44798,OPQQ61929,348,1.0
TIYLOHGTMR,RWpw81281,PMSS77086,359,1.0
KSCZQRNDGH,PDam35325,OMST64341,165,1.0
SVTNPJSXPP,JNod57974,OPSR34338,405,1.0
WKBKPEOKQB,DVwa44194,POQQ20437,209,1.0
ODILUIQLXQ,JRjr04563,PMRT09948,39,1.0
LOIOWIZMFG,KSro04925,PPQS50743,53,1.0
EFAZSUNOHJ,EJnr24670,ONSS86657,495,1.0
AIPDVEKRVM,JYcq27946,OPRT63838,136,1.0
JYAIDCKEOO,UCxc92608,NPSS90671,211,1.0
TQFHEXUIRE,CPhj09088,NMTR14675,7,1.0
MGXHFIXRBY,YKte23262,OMRR68842,319,1.0
LWUMHRYRRK,XMnt29168,PPRR94718,400,1.0
NIJSFGWVLI,UUcq59689,MPRS54479,320,1.0
HCGFGVMNNR,VWwa14984,MNQQ85719,417,1.0
IEYSQTLROT,KAxm44647,MNQS90965,27,1.0
BFMZACOAFN,FTha73828,ONRR32663,332,1.0
URAVFWRTST,ONhd48871,OPSS88442,437,1.0
EPOVTVHNQQ,FArd86416,PPRS48368,265,1.0
KPRENKQJQQ,PDjy79997,NOQS13662,156,1.0
WCDNIMSWSE,LIbz70899,NPQS42367,164,1.0
VMQYZJSODF,HWff11135,OOQQ82454,15,1.0
ULYINGAFYO,IFuf10659,MNRQ81439,83,1.0
SRFLSEJEKD,QLif99080,MNSQ50968,340,1.0
KUQHKVTZTM,NRqm87821,NMRR09059,50,1.0
VVFIBAONHB,DYhd09475,PMSS84454,305,1.0
TMXKHXMSPR,RUqf93779,MNQT31206,368,1.0
UWSDNCDTEL,NMbs65053,NOTR99037,118,1.0
VSLDHCJLRG,RBdg92254,OPRT33517,390,1.0
ZIUXTLFGRV,DDlw04661,PORQ40051,392,1.0
RGOVPLKBOB,XSdf15069,OMTQ61996,483,1.0
XHJMYNGFYN,RObb72479,PNRQ49325,105,1.0
WPROHCDQBY,GVga58810,OOSQ08143,221,1.0
LTSTHYZOBA,YNzy99307,MPTR48370,198,1.0
AZUASKKQVA,OUun13536,MNQQ09288,369,1.0
QNQOTSESUA,TCvg11723,NNTQ64507,309,1.0
FGLLBQVLOO,NOma43604,NPTR87710,24,1.0
BRCONSCKRB,NCxm65399,PNRQ05708,84,1.0
YSUECNIBXB,XGld04776,MNTS83027,244,1.0
WLSBGGNEIJ,OOyl70298,NNRR70029,101,1.0
XDSECAVYCA,PEmj99780,ONRQ04679,261,1.0
OUIVPTMBVJ,LXzw30377,PMRR38239,490,1.0
YPBOVZWMMR,RSgo89416,NPRS48341,277,1.0
ARYYAEOATW,JBqh93439,NNSQ28394,419,1.0
HOHBCFZONC,LHdf42497,MNTT49765,154,1.0
WGYSSJRPYL,DMkv37500,PNSS34357,120,1.0
WOUZZBCZIR,ZKjq83592,ONRR20275,493,1.0
JVOQOFAUVM,HDfc02017,ONST09951,324,1.0
AEHACGSIDV,TSdo71318,NOQT66710,163,1.0
NBPPIOKTKT,FHln60221,MMQR13394,2245,1.0
RSLVEXPHWL,LAwz59457,NPRS96851,2405,1.0
HONEXRDNKD,AAfp37925,NPSQ34846,2137,1.0
FEBIJHAHBZ,EOcp85105,ONST89740,2442,1.0
CRNKWVHZIX,NOqh30973,NMTS06649,2450,1.0
COTOZSJVQM,FQrv91988,OMTQ07301,2178,1.0
QOEHHVZJNT,EHjm63611,PMQT41032,2281,1.0
OLRUNLOWIB,QJjt85956,OPTT17224,2295,1.0
QDHPKZXNZJ,SSdf17139,PNSR73624,2063,1.0
BLVJVTGYMD,YKst68552,ONST89227,2005,1.0
RBHNXOUATY,TCld63521,NMTT83951,2021,1.0
HXRKEZIJFE,BRms78444,PMTR71641,2210,1.0
HKNDPZAQRZ,HGmw81071,OPST36018,2331,1.0
IDNIBFZSFY,EOuf26960,PPQQ28453,2393,1.0
DOYKACWBGK,FFek02065,PPTT11462,2366,1.0
XFRSSXYDBV,FSxu45896,PPSQ39732,2347,1.0
IAHJBSSFJK,DLvi28751,OMRT09046,2434,1.0
UBWKECXDRO,IWzc08026,MNRT44008,2146,1.0
QOUZFENNJG,GUde81382,NOSS69380,2099,1.0
IVTNNYMMKQ,WVnp31024,MOSS69480,2107,1.0
LPBERHLGVT,ZIwg72959,OMTR28035,2327,1.0
NPGAEBVUBW,WNhj91993,OMTS51458,2201,1.0
HPXISVXPGS,STxe25920,PNTR83942,2141,1.0
VQEVPXKUHB,WMvc88391,ONTR52691,2279,1.0
QSELACHJPX,WNfz15077,MMSQ41934,2460,1.0
ZYEDSNMYAL,BFfz23534,OPQT04268,2260,1.0
NRTCRMFWDA,IDts81927,NPQQ71788,2396,1.0
WRGBRMDWJM,EDgi68445,MOQT85107,2037,1.0
QPGMHELLIP,AVds67672,ONSR08433,2110,1.0
LGJJNFDULQ,QNch62197,OPSQ42384,2482,1.0
UFMPEWHHTP,JYdo04828,OMQQ28896,2498,1.0
QPADVJAPDR,NOid35923,MNTR50740,2446,1.0
FDJTUJMRKY,YGhg76028,OOTT37342,2241,1.0
OYJMBBLALN,BFro92397,MMSQ10742,2403,1.0
ZAKQGDCJZJ,YCew97729,MNRR52914,2082,1.0
MAXCHKNAHJ,DByy80396,NPQS00608,2470,1.0
UBIMCNTSLI,YAsa43324,PMST27471,2102,1.0
HFFRODULJZ,UPzy78991,NOQS57673,2059,1.0
PSVCYRWTBM,MIux30333,MPQS69527,2015,1.0
YPLQZBGKTW,PZdb21622,ONRS68392,2436,1.0
LQPSDBNUHG,BKkz59477,POQT01001,2014,1.0
CEJQOOIEKA,GCug88714,ONQR79592,2429,1.0
IBFVONZFGX,YEgc63783,PPQQ70548,2043,1.0
AKWJIWDIQG,ZFeb04336,NOQS98510,2155,1.0
TXCGNECGLH,GUmv72584,MMRT85755,2406,1.0
MNVEFIUWQL,GLpd58151,POQR91416,2486,1.0
KYQHZHZNOI,QKah26613,NMRS29840,2208,1.0
YAODNWWTPU,XJyr83415,MNQQ18414,2013,1.0
PPLFOIHALD,XFrd26063,MNTT80370,2277,1.0
UWGWZJIRPS,NFli16031,MMTR35712,2481,1.0
PUTHTQPOHK,TAxr84844,OPRT80713,2138,1.0
WSQNXIKVQV,CZmg06564,PNRT18041,2471,1.0
EKCRCSFIPB,LRrp24567,PMTT83159,2235,1.0
MESLQJZYVM,HNvc55804,PMRR11612,2265,1.0
OWMKEOMPBD,PQje83270,MMRS26697,2018,1.0
BNJEXTIDCT,DZzs31058,PPQR99361,2253,1.0
SDYKGOIGLH,OSdj01944,NNSS02814,2348,1.0
UXVKIBEJTD,GCrc23588,MOTQ13835,2029,1.0
GHLGWIABZE,MFop03845,OPST62139,2278,1.0
CHZNHEWNER,PXwk55745,MORQ94479,2311,1.0
NXVUTGNBZM,KQrx33025,POST73557,2379,1.0
TOADLSOXOB,ISdg93714,NNRS26377,2070,1.0
EVUENKDUVP,OAhq83364,NMQQ73937,2078,1.0
EJOIJHGNXM,XEim92764,NOQQ84371,2225,1.0
DNASUXQEZV,CKaj12710,MPSQ18696,2074,1.0
AJDSXOTLGX,KLzu58143,PPTT69057,2127,1.0
DBEVJDTHYX,EAvu77092,NOTR30287,2491,1.0
KPHWYNZOGH,FDhy43732,NNSR22613,2358,1.0
FUHIUJADBT,QWyo25905,MMSR13603,2490,1.0
ZXNDJKEXGN,ZSuw70270,ONTS71745,2387,1.0
COCDESYXOK,WDwl78680,MORS29732,2215,1.0
FATETFBCFW,JBsw75946,NMTQ70714,2185,1.0
WLQDCFVUWA,MWmw41252,NPQS95002,2367,1.0
GYFGUPWFJH,IQvn59337,OOQR83879,2286,1.0
WQTJGPHDLT,VMni56132,NPRT28663,2411,1.0
DBGMLLDCLE,UXed75339,OPTQ71188,2417,1.0
JPDLIMTSLF,XJpg01472,NOQQ02570,2089,1.0
KVPBRUIVHG,XHyw61282,OPTR68456,2256,1.0
SXOWRHYSKM,JUpn14393,POTS30412,2304,1.0
NHDLCWTMTC,EFkx88286,PNSQ00404,2164,1.0
ZWQIERWXCA,AFiv10363,MNQR09368,2468,1.0
VYDCOWSIWU,GQas43944,OMRT77742,2388,1.0
KXUNCJDGDC,DQqu80889,POTT19171,2053,1.0
VUPBYAUISA,DYtk29136,MPRT89978,2400,1.0
OUFFAFSXEW,UQgk37843,PPTQ97239,2466,1.0
MOACWUWVNY,GXom40874,NNQS12391,2386,1.0
CIYNMSWYHA,AYgs61897,OPQT50590,2316,1.0
IZTSLYWXOA,ZGpt68844,MNTS73881,2223,1.0
XNBANHGJJK,OLuy81780,MMTS12560,2087,1.0
BFXSWZHLZH,MTpo79962,PORS76891,2296,1.0
QIKKMPDAYF,MBhp59817,PPTS45134,2334,1.0
IKGUWMFDXE,ORrm99614,MMTQ90703,2147,1.0
LRMTNNTTVF,JWpo08629,POSQ07238,2345,1.0
EBKTLWZSBL,YHzg78164,MMRQ30285,2035,1.0
UAUODDSFYB,IFue81302,OMRS02087,2385,1.0
FTAZVAIJHA,IKaw82690,MOQS26899,2500,1.0
BOPZQUZWLY,TLnd06661,NOQQ56456,2496,1.0
AULPRPBFAU,UHzx17513,MMTT10753,2203,1.0
FMOQPLVZNN,HEng10356,OMQS65842,2038,1.0
UGJHLZTEQC,KShb42440,ONRS01142,2124,1.0
HLDZXEFKKG,AZax41564,POTR68934,2025,1.0
CDYWACEOJC,NUog41430,MMTS32475,2301,1.0
CUINZMJFAV,OJcw36182,PPRQ45443,2457,1.0
OYYRFEVNCW,RRho93782,OOTR18968,2115,1.0
KAPPHROIDA,SYhb05064,NPSS73188,2163,1.0
IQXFHFCOYN,MJai12885,NPQR44594,2238,1.0
JUGIAXSQGZ,VQyb05179,PMQR18041,2058,1.0
NFEPMXMFZO,LSyc38568,PMTS73455,2080,1.0
WAWDFWOYXU,EGon94887,POTT82765,2263,1.0
ORDMINTTZF,TClz59275,OMRT60492,2478,1.0
UWCGTERFDK,IXgu09403,NNTQ48891,2428,1.0
IOXNZWPYHW,IMvi02898,OMQR77241,2310,1.0
HEJCNZSYBE,EAhs35526,ONQQ61538,2262,1.0
CIVWYUSCAQ,FUpw50905,PPQR27446,2172,1.0
KDSCEOZLVY,STag56946,POSS82611,2032,1.0
XQLJZGXWFZ,KZvl27582,PMQT88158,2221,1.0
DDJVVVDBHF,VHfl24554,MMST70739,2072,1.0
DNOPKIYFPE,PXma35911,OMSQ77109,2431,1.0
GABRKSJJNH,GNhw86153,NORT37910,2217,1.0
CZQWWVPHEW,FAcu79119,MPTS10143,2027,1.0
FDSYACBSMR,HVgk37024,MNQR37821,2128,1.0
GVZTHPNTQH,UDow98618,OMSS67972,2200,1.0
UWLAVWLYWR,YGxu14861,ONQT03397,2154,1.0
JRJWHSEGKR,JVwi09723,OOSQ52770,2228,1.0
MCYBTBHLWC,SZpq33812,NPSR67206,2086,1.0
TUFGJZTEAW,SWwb82282,PMTQ06686,2455,1.0
FTJTTUQOLT,QQtj25934,MPTT14365,2077,1.0
QZKCWXBTTT,VZqq15412,NORS09470,2068,1.0
OLKLXOBKGM,BKrd68293,OPRR70170,2177,1.0
YRSKUJCKEW,UUms69182,MPTR54685,2248,1.0
QPTSZUXNNL,UAyq36258,ONQS61426,2325,1.0
TLPRAYLTMK,RDnb81663,MPTR01468,2302,1.0
GFAFYRFMBW,TNjd45851,PPTQ99786,2257,1.0
EIYXXHAJTQ,OEky60057,NOTS35281,2042,1.0
JQDSFHPSVB,IAgt58003,NOSR81074,2187,1.0
WRPBOTLSLH,NGxv46539,PPTS81408,2129,1.0
BIDDVTBHGG,PKqc01132,NPRT25892,2213,1.0
ILHQNOPRLG,IClk07769,MNTS13224,2349,1.0
VPCRGGNHKQ,URkc90060,OOTQ45257,2229,1.0
GZRKCULQNA,JSdf05029,PNSR92331,2188,1.0
HIEPAFYEJR,SVoo06223,PPRR75675,2261,1.0
CIBVJFPXSP,DFcs44139,MNSS17754,2143,1.0
XFFDJPPCZH,LVss48725,PPSS16123,2242,1.0
RNBORQAZZU,ZMwv39441,PPQT08465,2237,1.0
YYPDXGZMIW,SBkv03075,ONQT20727,2079,1.0
GNWBBKHFEM,OBoi76907,MMST16465,2198,1.0
WTHOUBCAOC,TVgi33287,NORS94841,2392,1.0
SHXOYNFFAH,VKqt81308,MMST85721,2019,1.0
RYTIMDWWWL,BMmf54065,PNSR58175,2166,1.0
OMEZUEETKQ,CFjt74078,PORT26659,2432,1.0
EUCLXMDCEW,KOuc78706,PNRR32649,2254,1.0
APJDRXQOBZ,GAvz35359,OORQ65922,2294,1.0
ATDTQGAHWQ,CEpj63631,POSQ23259,2380,1.0
MZYIPIAXFU,HOle42015,MPRR95060,2067,1.0
PFMLEELZDQ,JOsv12347,MPTT03887,2424,1.0
SRTXLUGGJN,WZql23282,NNQR18079,2292,1.0
JQFHPOAEEM,VOgp47588,OOTS79781,2142,1.0
DYWWMZLKIM,PKdn25664,ONSQ56913,2116,1.0
RRZZBICXFM,CFyu19151,NNRQ29783,2280,1.0
KNOFWINUCS,LZmv30314,MOTT74430,2415,1.0
CKMTKPJVTI,TBke62321,ONSR56690,2306,1.0
NKLJOPKFHF,ZOjo93664,NNSS33300,2033,1.0
BFZDYGQXWT,XRav55682,NPQS99116,2007,1.0
NIADUGWUEO,WXfg59502,NOSR80899,2214,1.0
RBKYSFPRPW,HMhn09745,MNTR96658,2191,1.0
UEHJCXDCHS,OIjl10919,MPSQ02276,2081,1.0
JEYSJTFGVQ,QXdw38897,PMSQ70601,2108,1.0
JQEACJGWVE,TXua06410,MOTR61692,2093,1.0
RNFKVXLLNK,HIqz39126,MMST77956,2485,1.0
BENKCBIWNH,CGdl60221,NPRS40689,2288,1.0
DGBYJALWZA,XLpp51877,MOQS16599,2220,1.0
NEFKNTJILG,FHlj82431,NMSR74960,2333,1.0
VTPVCOYLDQ,YDsn88629,MPQR93432,2409,1.0
VBYBUCECHO,AMyt29177,NNTS89050,2274,1.0
JTYJSCJDQC,NZun53677,OPQR84074,2105,1.0
EFUPFYFYMV,KSoi48089,MNRS16811,2364,1.0
JERODBUZIW,HQbr52091,MNRQ49222,2205,1.0
RNXLZSIUKY,DIrn84149,PPRT81561,2384,1.0
IEJXMZGRAN,IVvj27219,PPRQ81801,2073,1.0
GJVRFFAIPV,ZQpf95462,OMQT48592,2023,1.0
TCXKQJRWDG,QPpj18871,PMTS83364,2134,1.0
FEKQIMPEVZ,NWry41053,OORT79976,2492,1.0
QTVFOWFNML,QEai72916,MNRT05885,2234,1.0
CXUVNMYEZR,LPmz10681,MMST80436,2357,1.0
FQOOUUWUDB,HUdz52850,POSQ28863,2162,1.0
BQPWRSGHNT,CMuj92485,NMSQ16704,2488,1.0
SZITEKRNZF,GMgx21668,OOQS36641,2356,1.0
QMTFTEDSLE,YSqe97892,NOSQ58917,2020,1.0
JOFMLYRZTV,LOks52208,NNQQ46030,2469,1.0
KWWLOKUWKJ,XZpi03403,OOSQ09329,2176,1.0
HNGCDUXZNO,VXyz15409,MNRR27474,2447,1.0
YJBZAMJNAK,KEgc23137,PPTT75200,2065,1.0
KXELQOGVNT,CXuz18804,ONTS21827,2097,1.0
KWURALWXIU,VVaa82639,MOQQ97286,2365,1.0
MQCJLSVVGS,LQbb67455,ONST00673,2227,1.0
NCZOCRSBGR,KTeq61998,NNRR10916,2224,1.0
HTSJFFIKTD,ZBlh30854,NMSS59803,2398,1.0
XAJVWBRMTA,DUud87674,NMST38734,2283,1.0
QNCVFWNJDP,KGal34497,MNSR22303,2355,1.0
PBQTGZTKCB,ZNva54588,NOST11285,2437,1.0
VGBTJNZIEY,XNsw47128,PORQ39468,2216,1.0
NUHOTAXPSZ,FUer89480,NOST74815,2353,1.0
NLBWUJTLAH,MPqw66606,PNTS09072,2126,1.0
HUETVHCXMO,RQwx44901,PNTS12593,2324,1.0
XAMJICKWWY,PJyg72329,OORQ31121,2123,1.0
HDKZGZYVWA,ODit93158,MOQQ13768,2133,1.0
CTAKHDCCCF,GVac84187,NORT42149,2117,1.0
PQZNBPXPHP,KGjy50767,PPSS61014,2088,1.0
RXPPGLPOCP,ZBni89982,PMTQ06386,2184,1.0
QUDCZEMGMV,MJkg51028,NOST02748,2157,1.0
EHVERABSNY,DWhc88248,OPST61543,2175,1.0
BKKOXLRPBB,SAci59792,NPQQ69910,2273,1.0
CZOJLDMDOR,WEer13737,OMSQ66013,2326,1.0
UULGPTKACM,HDyp82619,PPQS44488,2270,1.0
RYFCBWAHXK,SEgf87951,NOQT94368,2454,1.0
DGLRCTCHQE,AMwc35872,OPQT25005,2246,1.0
YVNUGOYVCR,IRjg98709,MMSQ40075,2399,1.0
ZZONZHEBJX,MAyl90997,OPTR18668,2251,1.0
VVZLFCJOOD,PIku33649,PPSS47854,2048,1.0
MJKSLIUQGB,CXvh87777,OPSR51410,2139,1.0
NPXYNENCGZ,PFok62787,PNQS24291,2120,1.0
NGOVYLUXNC,DAws48388,ONTR08594,2158,1.0
FUVFQHIFPQ,VJfl56377,MMRS23117,2230,1.0
QPQYUVCJJC,JVeo93937,OOTR74396,2052,1.0
YBVZMQOHNH,JKgy96874,ONSR67143,2011,1.0
MPANCNZIKH,PAoe63179,PNST91468,2006,1.0
BTBTIEIJVB,FTjr26807,PPST80976,2389,1.0
REQUGEOUBL,JWfl96091,NPRT32851,2473,1.0
ZPWPLICSRF,NEvd37670,OPTQ17920,2149,1.0
YKKHEBSHBE,TYcl08107,PNSR28434,2194,1.0
NEYCTIKDSD,CTch80278,OPTQ85488,2275,1.0
HQVRJJLAJV,MRvf99806,OOSQ82363,2362,1.0
IJYQKGSZHJ,BHpz86728,MMQS00524,2062,1.0
TYBFPUUDYE,JAzy62060,MOSR07209,2276,1.0
RTLXCGNALV,CYka01646,MPRQ37274,2290,1.0
CHFYUVQQMQ,STtx61130,OPRS86503,2046,1.0
TYORHAHRFM,TGcp22947,ONST71347,2359,1.0
QBEXWKTNLH,UKfu76153,PNTR46549,2472,1.0
SRBHXGXTOH,ZEur96478,ONTT95524,2180,1.0
RLXZXROWJN,TBrr82895,NMQQ98927,2320,1.0
XPUQQXJZXN,WNrp90794,OMRQ68093,2040,1.0
BPCPYLWRLO,UTyh95937,ONTR72282,2156,1.0
KKKBVSLHDL,TVos52493,PNRS90929,2181,1.0
JQHCDYAHZC,ARnk80022,OOTT09569,2419,1.0
GOJMEHHAUZ,IIoy92435,MMSS71054,2024,1.0
HNVULVOUTZ,NCpl41830,PNTQ73438,2381,1.0
UPBIRUAQEI,AYzg64240,MNSS22657,2477,1.0
IADQUIFOPU,ZKxj70547,OMTQ35685,2440,1.0
AZZJNAWCLT,YCda64281,MMRT06366,2418,1.0
ZGCTQLPMLG,IGiz24828,PMST43730,2118,1.0
UHJZGMONWD,PWwl28456,MORS35482,2458,1.0
GZAVPLLIXV,VFbs92039,MOQQ52753,2119,1.0
CWIKOZJGIB,TCrw51820,OOSQ28837,2307,1.0
FBWZWLZTON,BKif83166,OMRS87493,2171,1.0
HEKKMFLIDW,NNws96641,OPST41700,2383,1.0
JJRTPUEBFY,NKhz99223,NPSS86553,2421,1.0
ZVNAWPTGTI,ZUia73671,OMQT48795,2084,1.0
JGYZWJIMGT,CXgu47461,PNRS73162,2372,1.0
BYBOJVMTCN,QSck70157,OPSS93401,2293,1.0
OIHRIOEJWL,COxu41960,OOST10883,2416,1.0
MVAAQBWEBE,SWdo21954,NNTT20199,2395,1.0
RFYUFVOHQX,NReu41173,MOSQ78469,2094,1.0
NPUXRXEWXO,AYqt79966,OPST78680,2132,1.0
UJTHUHFNJE,ZUid75788,MPRS61274,2427,1.0
DTTWSFGPRH,LKof97748,MNSS71388,2309,1.0
CLVIUXUORX,KKnh71902,NPTS23096,2463,1.0
UTGVHIUXGB,VNbm95524,OOQS43293,2219,1.0
JPSKFGWLWF,NTqu65902,NNSS49587,2026,1.0
QIVTHGYQAM,FAvk64993,NNTT99982,2255,1.0
QHFVWTKRLX,DSru81500,MNSS97829,2055,1.0
RREYNQZUUW,AXjq92375,ONQR90545,2346,1.0
JAOYQWUXJG,RLgi67616,OPQS24022,2314,1.0
JHQOZIEPUE,PEpk85775,POST76343,2453,1.0
BHKDBERCCH,SLnn63993,MOTR59236,2247,1.0
FVFMAPNLZJ,CRfa36461,MOQS94843,2101,1.0
OMWVKGHDZL,CVqv69498,PNRQ06125,2140,1.0
VMFXIIXNVP,CIiy02785,PNQR95824,2391,1.0
DJLTIMJPWS,RAdk84887,MMSS45347,2211,1.0
BOFEGPMYDN,OQtg93731,MPRQ18658,2233,1.0
ICNOKBFDEJ,GOqt40883,MMSR14345,2476,1.0
RTOVECUCPV,PXnf28177,NORR35712,2336,1.0
TNFAJWFPES,UJiz05673,POSS61263,2284,1.0
SDPPKXILCJ,SKqw28324,MMQR36041,2332,1.0
CGQBQRWUUM,ZDuj71429,MPRT09977,2212,1.0
ZQJOIRBCHQ,YWqb46134,OORQ13067,2479,1.0
FXAOZZUVDU,QYja29680,PNRT57257,2269,1.0
QAMEGMAAYY,LAjm88591,MPQR24885,2136,1.0
MPDTSOZIMO,PAek92522,POSR35294,2069,1.0
LAOAPHWIOT,RCit95461,MORT49603,2034,1.0
KYUSEOIZOJ,TIoh55834,MMQR92940,2031,1.0
YGMVEQZLCQ,PTbx80739,PMTR61584,2425,1.0
FSKLWEGVWT,VGwh52691,NMTQ24868,2484,1.0
TRZFLLYSIW,ZEub38513,OPRT25661,2083,1.0
OIHTUEHUZC,TUdr06800,MNRR75845,2135,1.0
LXWBIIZYYY,RRua77806,MPRQ18060,2012,1.0
JXSQFJEGWY,OOpb48226,OMSS95611,2499,1.0
DSALQHJGNI,NLct33471,PNSQ73062,2344,1.0
CJWBCARLAW,YPej37558,MNQR94134,2236,1.0
HGOICAWWHJ,FXns44487,OMSS53038,2207,1.0
BFTSGJDCXH,OVdd96347,PORQ46345,2054,1.0
TFZIEHBICW,DHdq64634,MPTR90077,2319,1.0
DEERVUOVDC,OTvx28625,NMRQ83956,2209,1.0
ZPPATRJPSS,CGos70793,MPTT51299,2317,1.0
AGDKZDGKPG,FUdj02000,MOTQ02167,2413,1.0
RBPORDIPND,QGpi01402,ONTS76598,2091,1.0
DJAWYERJPA,TVws41595,MORQ76558,2195,1.0
XIJUEIYAAS,RZck26917,NMSR15996,2197,1.0
ICKLAGSBNG,HKny48184,MNQT77191,2017,1.0
WELFQWXTRS,FNrb85149,NPSR94820,2232,1.0
UHIIMQXNOK,PVch37595,PNST85982,2169,1.0
MKAPJMFMZF,HVez36534,PPQT56671,2350,1.0
NLHGXHJVGP,ZQit22599,MOSQ35908,2451,1.0
AKEGZGIRBX,DZwt20173,NPQT30418,2404,1.0
QLXWATKVUD,DPzf00685,MNQS16205,2397,1.0
GWMZMPDOIS,TGob68903,MMTQ43507,2002,1.0
GPVOSDMLCX,OVfp14308,PMTT25145,2341,1.0
BGSDZIQVWB,LPnz85760,POQT73114,2071,1.0
ANRWBUCPOH,XGql17952,OMRT08367,2291,1.0
YKGIVDLPWG,IAur68188,PMTQ18291,2145,1.0
UXOVKDQGBA,KKij14631,NNTQ04553,2382,1.0
KAQLVEERII,JVzh95459,PMRR44195,2282,1.0
ZHZLROHSCY,MBct55291,OOTS98467,2435,1.0
AUACUWFMAQ,IRbn73708,POST69419,2467,1.0
TRBJVURIAU,EKdv64323,NOTS43625,2196,1.0
KCWEYTVRWI,OArw78756,OMST94458,2249,1.0
OUQRUUVPKU,OWbp63767,MPSS83342,2361,1.0
PLEYFOXHJE,ZDci94094,NMTR15319,2342,1.0
JQJLGSLDIY,EPdt46951,MOST58884,2103,1.0
TTFZLJMGGG,GXdp59886,OMTT84051,2100,1.0
MYAFXKOPKJ,LCmu63105,PPTT09979,2312,1.0
CFRRKWBTDI,QPxr21582,POQT62184,2076,1.0
XZGOSWDJZT,TDlg40435,OMTQ10384,2153,1.0
ECIQPNONMI,GRfy48041,PPSS51186,2420,1.0
VTLZGAAMVR,QOlt00734,PNQS34559,2339,1.0
XKLIBIQUNG,MMoc85816,MMSR47657,2121,1.0
LAVYKMSXKN,XTqd32463,NNSR83893,2370,1.0
GDWDIUTCZX,DOnd31032,OOQQ88542,2173,1.0
EJYNLMKMWA,KNkl70985,OPSQ55273,2287,1.0
PREYVMUJNF,PCim79642,POQT56260,2092,1.0
EZUMOTIKCS,HEen38541,MOQR41169,2049,1.0
SKURFNBJXI,MZzz85653,MNRR72102,2028,1.0
ZGOIQSBBQY,YKpi98334,MNTS09551,2378,1.0
EXRGXQHEPK,HXsw50924,MOTT95666,2330,1.0
LBJXFLSTQS,RCfd29243,OOTR50973,2125,1.0
AJZVZAMKSY,KZeu26379,PPSS89602,2439,1.0
OIZSRXOPSO,RBrx01424,NOQQ45747,2231,1.0
GTMVENXSGE,RZwz87721,MOQR09445,2375,1.0
YMGUBNSKCV,CDvu03161,NNST14896,2445,1.0
PPLILBZDIJ,OToq81478,NOQT69839,2182,1.0
UDHRONYFXT,JCng36758,ONRQ65349,2151,1.0
MJHTFRDXHL,SPwh03326,MORS35155,2206,1.0
FGBXGBVIZM,NPue57951,OMRQ15881,2343,1.0
LCYZIIOPWV,FRlu65450,MORS63300,2075,1.0
OKLVYPPCTS,OAlk80887,PPQR93739,2299,1.0
TIFTSSUYMB,VVtr44770,NPQR29603,2189,1.0
KTBJTGJHQG,DLol86844,POQR39627,2394,1.0
DCGOWNOOUF,DFku23236,PPRR30281,2239,1.0
RFMLILBYPX,FVda38404,MNQS83360,2250,1.0
HALQCXUVCB,WCoi50451,NOTS92742,2150,1.0
DAXNLCEPZH,ZTxo88216,MMSS49409,2376,1.0
OEVZDGZEPC,IWdu33636,NOTS02492,2464,1.0
GYCIJSAFEB,KBsz70474,OPTT59973,2061,1.0
HHONJFDSAO,OPov01288,PPQQ86670,2104,1.0
MSEIYBEWSK,GSiu11149,POSS67610,2167,1.0
GJYPXTYMNJ,WRlf64979,MMST35872,2047,1.0
GNAMCOWBCC,VDgm93178,PMTS52968,2423,1.0
BXNTYWOZBK,JBxl97449,PPRT75143,2174,1.0
HTVFAZZNNZ,EEve06368,OMTQ85528,2335,1.0
XWWRNBTBNR,MSoq95643,NOSS78486,2298,1.0
OWJJGBXWVE,XGmx27675,NMTS81386,2487,1.0
WAKKONXXLY,ZObq93005,PMTS01368,2106,1.0
DWTWAIWKVA,OJoj43387,PNRQ61635,2179,1.0
SCRKSAXFFJ,PEnz72996,NPRQ03300,2060,1.0
GZTMWXDXFT,WYxi93438,PPRT71464,2204,1.0
GAUVELVJNR,UDdj22955,MPTR44356,2360,1.0
MTAHVNWHUT,DHij37798,PPSR05915,2402,1.0
CWJOWMZPZE,IQlo43215,MNQQ57236,2159,1.0
HMVCLGLMGC,TNfz39357,POQR25182,2354,1.0
GLKGBUQRCZ,DUtp65453,ONTT78127,2112,1.0
ZAPJSNNUEB,TWwy96725,PMQS73158,2438,1.0
IUAJBWYBBA,DEfl91031,NNSQ08544,2039,1.0
EFUYYXAUHF,SJpg46889,NOSS41351,2199,1.0
FXZWBWTVGA,SRch97533,PPSQ50102,2449,1.0
NFNFBWKLSU,SFth89238,NMRR08158,2098,1.0
GCZITGILGX,HVhl74603,PMSR71396,2475,1.0
ZFEHTLCZRZ,UYsh22967,MOQQ34733,2493,1.0
ZVJXGSKUFV,TQjx38708,NPSS13296,2259,1.0
LAGPZAFWFW,TOhu13999,PMSQ21293,2161,1.0
OVVCNBWWKF,NEye29836,NNQS70106,2170,1.0
LWIKCRONKV,NNfd96889,PNQS99936,2226,1.0
QBSMNIOQYX,OYyl35692,POTR66900,2462,1.0
ZLDDUKGFMK,MTud09965,OMSQ33634,2050,1.0
GSNSCBTLXF,JWaa52006,MMTT35278,2095,1.0
SOBBFBTEEM,NKjw80424,MMQS54370,2022,1.0
AXVNIVVPKH,MLby80409,POTT92449,2297,1.0
JIQXASYKJU,UWhe51683,MMRQ20046,2266,1.0
PFZDJLSPAD,GRkz68928,PMRR97704,2160,1.0
VATBWFWXUL,UNon41386,NMSQ25753,2289,1.0
VLOLYCFVLI,DPth08435,NORS02411,2461,1.0
MTZBKPSJIA,ETdr92197,PNSQ05528,2004,1.0
OOUEXWKZPS,QHoy40403,NMRT20687,2152,1.0
COBCVUOIUF,ZIwr68152,POQQ31890,2497,1.0
HATGUFFUFS,NYtr69176,PPQT45019,2057,1.0
DCMJTJJDBM,INwy77082,MMRR15557,2144,1.0
EGRVJJZDST,CMdt85875,OOSQ31819,2109,1.0
TXGHAULYVO,CWnl55641,MNQS64183,2459,1.0
YPKVPYZQBT,GObh79988,OMRQ48545,2483,1.0
GIYROUMMOA,CQsa08702,NNQS77647,2433,1.0
CCDFVUQCQM,HTzr93151,NORR85418,2244,1.0
DNEMZWZCIE,CUyg01244,MPSR65027,2113,1.0
LTRTQPUQEM,GLoo00234,OOST43622,2352,1.0
KJDREUHREM,YMen91648,MPQQ17586,2465,1.0
QMXGSMSOUI,UVim90502,PNTR34092,2218,1.0
GDMUXTNKLQ,CSpq44329,PPTQ91875,2243,1.0
YFHJFJHXWF,DCqt17435,NPTQ59342,2190,1.0
IQBLSRCGYD,WKns76719,MPRR36709,2010,1.0
DKELBWJEYM,KSzx66739,OMRT69601,2131,1.0
PWSBROEIRB,PEcb42529,MPQQ51727,2441,1.0
BIVPDSFZSM,URbo84289,OMST77999,2056,1.0
BEIBVCCAVK,AZxh23587,PPRR94471,2030,1.0
YJVVUEAVFS,XSkt47063,PPRS74751,2096,1.0
TQWNETMJWI,ATai72975,NNRQ38491,2474,1.0
AGQUGKVZAA,CGrc16277,OMRS84953,2066,1.0
DJTYSTUOCS,GAnc97370,PORQ37397,2495,1.0
ZFGYMGFIKG,CMdf96245,PORR99147,2422,1.0
XLKNWFMQYV,FXal14823,NPTR10270,2271,1.0
APXIVTYQMN,NKvz90511,ONQQ05011,2322,1.0
FWXBXEEFXS,WMzv86425,OPTT92485,2267,1.0
ZYCEBZDYVZ,YTmd63720,NPRS63455,2264,1.0
ITLEFZZZNQ,YDci08004,OMSS00488,2268,1.0
ARISHWKLSJ,YSjl65387,OMTR06101,2408,1.0
NWZMVVVNTS,MEcd90870,MMQS10517,2401,1.0
OGGMWJGNAN,CEgm09390,MPTR99070,2313,1.0
VCKXEDPBCM,IHzj45539,NOSQ80662,2377,1.0
VEQRWRXEVK,PNho73133,NNRR69525,2444,1.0
VMJWVAQTGF,FRde85763,ONRS65972,2329,1.0
ISUPXOSKOI,UVsk60386,OOQS45763,2426,1.0
VIIUXZRAXH,OClz55888,PNTT16228,2323,1.0
QCLIZLKAHT,DHcq65365,MMTR57896,2258,1.0
HDJVJSSMOY,YPlx98729,NOTQ44358,2064,1.0
UNYNBUKWWU,BRpu65600,POTT56711,2300,1.0
UASZNEAAPW,DZgv32415,PNSR49661,2448,1.0
ZFXAFOWXVK,ETbd99324,PNTR80220,2016,1.0
HBVXYUZXZN,SGny30314,NNQQ76542,2340,1.0
FBXNDYJZUK,AXkb83030,NMQQ11356,2183,1.0
LMKCPZJYCR,UHol79280,NNRT53647,2090,1.0
LTVLWULTZB,PSpi07412,ONQR02070,2452,1.0
TZDRCUMGJM,SMxm04570,OMQQ26294,2410,1.0
ZUQNRNFZQM,BUml22402,MNQR22764,2130,1.0
AWTNRKSSIY,ASyi79504,MMRR29565,2369,1.0
CTVVODWAJN,ANxo93191,MPQT77290,2111,1.0
TFHHCQGUKV,ODvi94517,POTS67401,2122,1.0
ETASYEJTEM,QIpw28552,MMRT08319,2368,1.0
FOSMWGESRJ,QYsd16457,PPRR49195,2414,1.0
YNLCXKXFLJ,ALxj91190,OPSQ69629,2272,1.0
MELLNDUWJZ,BPbn79856,OOTQ95968,2165,1.0
ZNVTNIYLEG,ZFwy92546,MNRS49754,2202,1.0
NEGNYDTVZO,FHwf11353,MMTT41461,2222,1.0
KOKGONRVDC,EOtw39244,NNST35085,2045,1.0
YPWICBQTQJ,HEpi34089,ONQQ49938,2009,1.0
EIKDGQZDFR,LIzq79289,NPRT85537,2051,1.0
XIEFFFFKIR,RXwg86739,NPTQ48833,2338,1.0
DLJRVCOERX,HGdr11140,MMRS57563,2285,1.0
QDXTXKGPHU,HJuf33229,NPRT74614,2456,1.0
WCWYMYFFLZ,YZyt36622,OMQS39614,2148,1.0
TGAUXCSLQX,QCla73654,PNTR67900,2240,1.0
XACOEOCQYQ,IIzl25035,OPTT45395,2192,1.0
QZORDWVMVV,UFax57674,NMRT96265,2407,1.0
BYHZPLWAWE,KOcw08206,NPSQ19062,2305,1.0
YTPKLWYLER,ZKym20503,NOST55261,2430,1.0
HNPMPGDAGV,WWbt36626,MPRS05494,2044,1.0
KFZBBOWPMN,YDav81992,ONRR24056,2363,1.0
HOKSITRCSG,VHjv38760,NORT15369,2003,1.0
CRCFNKHLFE,YIuq51584,PMRT46742,2337,1.0
HOUDOWVIGD,BObt43519,MPRR05570,2480,1.0
IOQARMQGBB,LLfw77064,ONRS03424,2351,1.0
BZUOUILVOC,DFod53870,MNRT02076,2318,1.0
NSVXOYMTNV,QCbe40182,OPQT63905,2308,1.0
GPALVNBMYS,RFls05656,NPTT12702,2494,1.0
IUNFLLAJJV,NWpw72472,NPQT05978,2489,1.0
JGQBASMAHU,ZOky92516,OOTS25278,2390,1.0
PRGSQXAFLC,GXds71632,PPTQ84265,2303,1.0
SYWPRVGNLH,TUca86594,MPRQ43209,2085,1.0
BNMATFJKHP,NTfr06118,ONRR16547,2008,1.0
BIFHCDXZNW,JPir69377,OPQT49842,2443,1.0
ZFBTHKSYYY,STbb17762,OPTR03008,2186,1.0
KPPUSGVQNA,KOvm74035,OOTS50863,2041,1.0
MPFSPXMHOY,XTbt79849,NPRT62972,2328,1.0
XNEZALZPWH,NFgu51836,MMQT74321,2193,1.0
RNDCXNTJTT,ZOlm91926,MNST37574,2374,1.0
EVZKJQSXVN,VJpt54502,PPRQ50005,2412,1.0
JLAIZJWVKW,MSdc49556,MORR21682,2001,1.0
WNARHLBHJF,JEyl42174,MPRQ11093,2114,1.0
RAUFDFSCRH,CCoz35197,NPRR95372,2321,1.0
TEQMCLBUCW,DNlb43732,NPSS71152,2168,1.0
IKUIBZNOIZ,CHpl63552,OOST28866,2036,1.0
JYLODLNBQF,TWoz92103,MOSQ90396,2373,1.0
FDHNYJAHGJ,YYfo49070,OOSR64686,2371,1.0
KNMYAEJJWH,IRtz62240,NORT78705,2252,1.0
RYKHSLBTIV,FTos84568,NNQR57274,2315,1.0
