158,UWSHZKIQYT,BEan94119,5
302,JOCDPNJNWP,HIqi93868,5
157,XTLFASAIMS,SEft80122,5
454,FPWTIYOGVS,NSoq94951,5
114,OBUDEKKBDP,XFhn54845,5
385,RQTGRTDYAC,YLdc11634,5
202,NHIHCEZBUM,DIcx27388,5
482,OSLHOZYPOP,POza68132,5
40,RJRSFNECHO,YVsf91665,5
149,ULIRLOBGNR,BHfq65056,5
422,LNUVPHARWO,GVqb31515,5
25,HYFAKSTNTZ,SFpy58170,5
470,QUPZIYFQZN,LZja01940,5
278,SRYRLJFJSM,CYyl22447,5
116,VMNUNBHLLJ,TYlx10449,5
92,PCQUDPGBKY,CRrq98509,5
60,WEAYHCJLYK,KFnp03233,5
135,ZBHKTPRFCJ,KVkh34314,5
464,ZTVYXRBRLJ,AXiq12106,5
172,GNIWKITZWY,UBru90624,5
199,OYCTIKLDYK,MVsm63278,5
380,NYSJHXXCES,APux64164,5
14,PILSTVQUAB,HXvi06212,5
191,LPWLGFLFFM,EDhu18642,5
270,TBYZCSWGRS,NTuq20666,5
34,FPOLRERSAB,VUgb16755,5
253,AWGYHLDPKN,BPnt70146,5
441,ANJEXACGUD,OSlb80978,5
141,BYLHLEZFTL,XTma75593,5
107,ULBLPYNEPU,VRky27160,5
4,ZALSMSJWHT,AIyv24468,5
375,LSRBGLEBRH,BYaa52515,5
460,MFUOVZWLIG,KObo32306,5
234,HSGUSWUHUO,IYat87370,5
163,EVMYTAQPJE,LQjb91092,5
297,KCBKYXWTQV,KXvt90961,5
5,GRSZBRUAWW,HCuh21037,5
479,YXKAWPGPLZ,GJdz64691,5
38,DVPNRTORKS,RGxn19131,5
84,VFZEOUCRJS,DKfr22893,5
232,SHYTNTBCBT,BBvu30019,5
427,HXVJSINNPZ,NRrr00086,5
455,XAGNSQWCVU,WWvh70149,5
273,WVERJUYWBW,GGdn40117,5
484,DOSLOKNAJQ,ULdj47117,5
396,OIWKWWPBXB,WVte31291,5
178,DQGZVCBJRJ,TEjp98836,5
461,NRVQYIMUCX,AGmn02299,5
131,UVNCQNLSCI,LVab53303,5
205,IEIVGJHBCF,BJoy42254,5
280,NSWTVRDDZI,GTxk96259,5
413,IGDOYTLPVH,XTmw46277,5
240,OUCOQUWART,HLpl20248,5
420,PVVZHAJATB,TEon90466,5
284,AKSMIDVRCU,VIyh43798,5
229,XCUZIZSAII,XDfi17484,5
87,GVAGKAYRYZ,JLqk00886,5
308,ALKXLJAKTD,AIqo82410,5
354,LCKFCDJDPV,HRwa28001,5
201,FPIQSBKUZY,LEgj58174,5
355,EJWETKKLFQ,POay11342,5
161,IGHFYSZHLW,QWuc33092,5
119,PBLLUIAMQX,URqt51816,5
283,NQCSXEBNUL,XBmd34140,5
167,GPLJORVTFK,AVul91121,5
274,YESPLBNQWT,YSol47560,5
324,HYZNEIRKAA,UOpx23803,5
126,MFAYCKIDFE,EUxu81702,5
104,GDAPKVGTEM,IFnj21041,5
103,LDWIQKTAES,XQij75561,5
500,ANUTXAFANU,IXhh16052,5
338,FFWEBFTPPH,UOha71115,5
495,PSVGFLFFMR,PYdu99947,5
412,AEIJWPHVTD,APgp15480,5
406,AMGEGMIWQE,ZVvs84745,5
339,RDXDRPUISB,SHxv52741,5
233,SOWVZBFDRU,NUzn37719,5
112,LQVOSFPUEI,CFrw62532,5
429,SGVXNCTDYK,NVsp58732,5
424,CYZJKHJVXB,UJiv50742,5
498,MTASXXROTO,UNqh98748,5
378,UIXMRCJXEE,NJdc10474,5
231,TPIIKKWXDP,UAfg71584,5
49,MODLIGAYZL,RInl33187,5
146,GISRRAVEXD,VCdt45357,5
53,GAWTEKMHIT,IDmc56150,5
67,ZXGCFEGHHP,ZLot00801,5
121,HLDUCPDBFQ,WXde14381,5
122,JMZFYEYYPG,DDlk26552,5
37,WKNBBBWQSP,KKsf66909,5
394,PXSMHCCTWI,NXdb02849,5
276,BPUVFXXNIC,ATsn12327,5
200,XNDTQCGOXU,PEgz29781,5
227,OVBDDWQGWC,CIpe56785,5
440,BWJVDPHZJV,VFdt44521,5
314,YEUDSKHPBS,PEmm57041,5
458,VEARIPJCCT,PDlh83375,5
300,RNJDVDBZAA,PBju18355,5
499,ARKUSXWXEU,BNje14955,5
80,EAMDXKLNOY,AFcz68438,5
325,CGLTYGSWUD,LRku69516,5
334,LPMWEPTXIP,WBgp42200,5
169,XAYGYZMJLR,JGxr16982,5
316,BMWDYHOPUF,ATxx52126,5
175,XTSNAIRWZC,LOqh21328,5
11,VNLEUCFELO,THdc53677,5
249,FMVOOUHRIF,CLeo87108,5
212,GCGADGUQCW,TIhm12355,5
245,OKTJPYTJUE,RMrm16761,5
15,EGPFGDJTKG,GPec49074,5
340,SGZCVEEKLB,NSls56213,5
474,JIXOHPLGUF,HPyj43589,5
405,RVAQLXMOBE,UXtj02406,5
264,XQTZGUHXKW,ZWqv45997,5
46,VKXKUWPRUK,MVej23720,5
410,VGYTPQLHOV,OKgn95910,5
336,QZJTYBTTMP,THis18139,5
434,RVXKIZZZQC,PWow85152,5
54,JOOWTNDAHH,QLst12679,5
496,JFIUPQRZZX,RZtq21698,5
279,PLXCAGONAR,MHvl57601,5
235,PFTBVHBEVY,SPcg90756,5
272,DQVWHAPSVI,QWjk12944,5
57,ODCYOTSZQE,XIse01226,5
320,GMTJGTDJHA,QDit65307,5
360,KNLRBDMPBX,EQru45465,5
170,YSGVUCFTDG,NOvp92704,5
309,YSFPRMCXXB,LJrn86897,5
266,JEOOSROLEO,CRfb98507,5
105,BGUZSPAPNS,HWan28047,5
17,JGZMVSEFDU,FLxa92876,5
456,SFMQTIDDBA,GFvm76224,5
140,IXSRWBSRBG,ALtz61718,5
494,FEZGDYWEVA,DEam83152,5
298,OSYLJVHSSG,CGmz02529,5
124,QFVOWQLQVE,TWvv57568,5
160,TETEYQRNQX,KRon40285,5
392,BOMLQGMHYL,UCdi84246,5
6,EFRJMAPBUE,DBsw69144,5
477,ETXGNMDRAI,QYqk46813,5
358,IPIWQFHVVZ,XCdf99491,5
384,OXIXXKJRUL,LYbr44848,5
388,VTUYZOZLHA,YCwm32083,5
374,LBJYQQFISH,NCnm38973,5
226,ABBMTCFPZE,NFwr86594,5
96,MKGQRGNJQZ,ALnz75439,5
70,OGXHKKJYED,IRws99043,5
117,GSVKECWELW,NNhd16905,5
437,PTYTAWUQDN,BOld07561,5
473,URLABTZYFB,NRqo35212,5
382,QOTKTZGBDU,RNqa34567,5
352,URPCXKBVLW,LHom94887,5
361,TICCIIKLAU,ALut21966,5
221,FZKTGPIXCU,WFwv95305,5
275,HYDLSYVVKG,GJxb02897,5
210,PQOAVAIUTD,HAln18790,5
386,OHEZUPSSXC,BEqu07662,5
220,AWHQIPFXLB,QJgd39495,5
97,HFTMDCMEJN,FFzr40792,5
265,TBVZCBUJOO,JPmo16293,5
31,OOBQNFVJUF,XAje05733,5
397,YGIMERHLHN,YVkh75090,5
9,WCTGJUYEAG,AXzd70938,5
269,CVKGWKFVQG,VRpy24625,5
263,SKBTDZYGWM,FTkp84716,5
74,HFNVFTPQFU,TZhn12814,5
144,YJLIDJCEOL,VAan26775,5
185,RJCJIHVPYA,EGjs03751,5
28,BYNSGEMPRP,NTsc06273,5
188,CXVKOQCOJF,UEml61588,5
106,PMNNLXDYFY,MVph54742,5
319,CTNFAXPOLG,FHun81251,5
101,KCWXTJXCHV,WXgy22805,5
248,MNIFMUPDIL,IBal69241,5
257,MOOKBXKVKE,VStq39619,5
389,BGXRFWIAJA,LXkz36578,5
443,IOMRWXKJUI,ZLtg78724,5
409,KHHJZFHDIA,JZah06907,5
446,GNFXHFNTFE,AYlu94829,5
465,NZAGIYTNBZ,HGap46949,5
259,HELBHKHZTO,QWho87710,5
261,YMKTARVVZM,XPav99161,5
193,DOUNGNPJOE,TVid50198,5
192,OHXGIISTFF,EHka07620,5
216,RINMSLFIZV,IStp18447,5
364,YFAIEYCIYI,IJhv37735,5
224,FNQOYTFUZD,ZEsz21018,5
77,DCOFFOVYKF,ELui00830,5
301,QTBJHNUWZH,ZFtv98380,5
481,PLCPYKZVHN,GQrd89165,5
282,YUNCKYOBNS,ZEga37901,5
3,NHURBLXEDD,LGgg67486,5
180,SRWENIMPKE,JCyj31170,5
154,UEHKFCOTWH,IQeb99858,5
271,MBHIGSCBZT,ORim54132,5
417,DIWKGSWMVA,NHhr24525,5
416,XJRZENEYIX,DYiv08419,5
292,KQDVRAALTV,BNwn76246,5
164,FSJRBQAKYK,IOkp61600,5
85,USVHGACMBB,IXfc27030,5
335,LAHDAQSHDH,MZaf62971,5
247,LAATLKXVTV,AIww56344,5
285,ODOMPHDKJC,GBou48790,5
55,IRNDEDHOLF,COab46874,5
20,QGXSVMQOCZ,VOyb71061,5
225,TDVEDUVRUO,CEua89582,5
246,IGEGFIMQCG,EZns36535,5
313,LJLVPQYUHB,EYkm96579,5
64,AWSXFCMQQK,XLcf26087,5
66,UJDMYYVDWL,GVnn33000,5
444,XRASSWRNLJ,WIvp43393,5
211,JYTBPSPJOH,SMtf29587,5
133,CSLLPGLBKO,IDhm29109,5
63,JOIMAEDGIW,QMll75759,5
183,ZWHCMXKBJO,QOyp94758,5
44,HDXWUVMICW,JRky86974,5
132,GIWBAVNXZM,QWzx34087,5
182,EBUOTPTVXO,HYak48124,5
23,TBAFKOJMFR,KXbl84610,5
155,XFOLNZGHWE,EYhc33425,5
179,JXDSBIIEKG,JWtq78651,5
469,HMTJVCNOVE,VYcm04803,5
24,BJUHVASQVC,JZri35790,5
351,OFGFIQPGMF,JTal15673,5
327,LKTWMPARKJ,NVjp72275,5
152,SFMTGEWCZO,ZRwc22408,5
452,OZMJWMALKQ,MUhh77499,5
151,ECJOKHEYQK,MRrt82561,5
238,OWVFREUHUG,GTlm70254,5
299,PHQWLMPRBH,DAeh90309,5
123,KGSKONULTE,KBuv05642,5
451,XNERGDHPPD,CPxr28020,5
353,AXHQBICBAT,ADpl82375,5
489,RZBTOBFVAY,CWar78747,5
438,DIPXKETZDB,RCjd17384,5
43,FYCKWJVRMX,RNks88164,5
366,PZBLBNJRID,LAdm05500,5
357,ZWXQVAZRNQ,JZqj09387,5
303,CNPEUAOJIW,NKfj47772,5
156,XJUHOQZDMG,VHho79023,5
433,OQQUCUJMSM,BYdr29929,5
404,BSPSBTNVMZ,WGsq32498,5
450,CHURDVITGV,HSdj47251,5
115,BBFWECRFYD,YQwj72557,5
359,GNZVCBLUUI,RPsh89965,5
363,PZXSUMFKOC,EYhb98920,5
75,IMCWQPCQYT,WVel74783,5
239,STINZTHZXP,QAua64272,5
497,SUHMTQRYXS,WFbo76803,5
436,KIZGBJSEZK,GEps58058,5
307,GKOFXRBONT,KFbg47660,5
86,DOTZIWKXZW,JWwi33979,5
88,ESYCTYMQSH,SGkx31746,5
487,PYWLSBLIJV,WWjk53634,5
294,DHEWTOMBVJ,JWek00090,5
129,YSLWGUJDZR,AQgh76778,5
463,AKSPMRYDZH,ERdc50372,5
159,HGIEXLEFTH,KFux24791,5
65,XPSCLOOJNJ,VUwl45963,5
16,NDRIOXVWTN,ENpy17018,5
467,SURBDCOIHP,XLno62050,5
277,CMEUUBWWGQ,VXdj74309,5
383,MSBANFKUOX,JIej08555,5
26,ZSBAXFNMGB,DRlv18309,5
349,UODJBBIIXU,JVsx02324,5
36,FAQTXKDJBZ,TIxo26497,5
162,RFNWPNCGMG,BLki96169,5
411,VYPESZVCCL,FLpl08699,5
295,LEWMPHWUHF,ZVld30697,5
228,HUAJDYVDAE,GDyf87894,5
415,PSMEYHZOMB,XLgh84485,5
71,QGHTJZVWOF,QPay93097,5
109,KPHGBBQBCJ,DHax93064,5
51,TGWIWJUKGP,FUcb59545,5
236,QLMLYPGTIG,UBsq45608,5
288,UKRCUGLEJU,ABfs40886,5
304,KLPFLSLZYY,VIom83599,5
165,XFTAMVOFFM,YFqd80349,5
32,QNNPLRWTDP,AZlm73688,5
73,BFMSYRFTKD,HZmz43445,5
346,FMGYXVRICI,MHdo08886,5
449,OOKJFKMDPM,JUos52935,5
98,RCMWGBSSGV,ABzr18193,5
493,DKZFMSRDDE,IThc98865,5
369,JPKJXLVNAW,FHcp43813,5
408,DPJDJOYBQA,HNpy30352,5
91,DZUKEYXPJX,DObo53254,5
490,BKCNLDZFOB,XPub37095,5
7,PGAUGEVUBD,YFet82773,5
83,OFLQYNENGV,MKyy13189,5
136,TKRUYNCPLW,PCnb38372,5
244,TPZZCCXYAE,CSpy71290,5
145,BVWQILSTUS,DZwr69170,5
289,UPGYYHIYQX,CIfo09897,5
329,GWBCMKADBG,TUcw74212,5
448,NFFQDPOQMI,INcw10614,5
186,VLJCHBJTKG,BOjs73076,5
62,RSWHROJTDD,WKlm39598,5
368,SPUJCARUSH,KBze25791,5
486,DNZDFQQOMH,YZwo69243,5
356,TCGQDYHVPD,IJvw33581,5
187,RMNKGKPEVJ,QYrv15003,5
27,DLTZPHOAVO,YIhd87908,5
435,LRRFKFLWSX,CVqn74395,5
30,CKZWPZDFFX,MXlp54184,5
218,VXXYCGEUEI,KHhy71190,5
50,AGATXLVBGA,BZoj33895,5
430,DKESTAKTIZ,CPzh69767,5
387,QBSZKUZAOQ,BBst13231,5
291,PFSRGDYSDJ,NDyp64052,5
174,SUVIAQBVNX,WFui85827,5
311,MUXPNFXMDL,ELfu34969,5
254,IHFWSKMZSL,IGlt79660,5
267,ZJNORGRVZQ,JMnd83867,5
139,PCZABAFPJE,FBdp59732,5
198,FPRXPPZAXQ,TLlj98693,5
472,SBTYMFQMCI,ATrb70012,5
194,QWTWRDLFXK,TFan99648,5
128,MBUUMNCSZI,DGbf61540,5
345,VSBPDDRAUY,NWab01079,5
52,THRNWQDNGD,EQia00976,5
296,NLMVQBRLJT,AKqw36066,5
400,YCHFKXICHV,WLvz91288,5
250,EQEGJNKNCP,ZFca52833,5
207,QHRITDHEXZ,KClu62821,5
447,PMAYCJYDVN,MGsh53913,5
173,FYATDRTAZW,XNmi63853,5
241,DIUUQBNLAB,HZvm57078,5
462,ATBKPAMLMA,STbj13364,5
262,DVEQAAPTXF,RMjm09979,5
137,GOKNJPDUXM,AJzj65930,5
243,XBOMZZLMYY,OIww59704,5
168,JYLWVXBRGR,WDsw74823,5
367,PNZEJSNNOF,XBvj28233,5
476,HOBRFRRRUO,LRyc97602,5
219,GZKLILQZHS,SJzf90151,5
166,SPNPFIJKLE,WSqq46997,5
475,ZKBJJRNEYN,LKjz18654,5
22,AQCKDAKCHG,EDoj02056,5
306,FSWXPCLFIG,XQoy26767,5
372,YUALKZGJHX,VFvv41508,5
10,QIOCYNNRFV,FYcb22212,5
252,TLOJJFIXOE,UZzk51753,5
423,FNHTMYDQDL,OHfx11308,5
331,EIIFRYQFKE,KXyn75763,5
286,KTKXKLSMYQ,DKlf48070,5
58,YBBAIFWHRM,BJnt18340,5
76,UDUGRGTASF,HWmv97124,5
425,BMHSJDPXPK,HNni85123,5
99,MRFNSWWVIN,QEuz30544,5
459,UFRGINZJZL,BIme32370,5
230,YDSZIDSCJZ,ZZms38856,5
419,FBMHBBSGIB,SZlk84267,5
89,PXFCPGHDBA,FElo60288,5
471,BLVHSJLLYK,GTfp96690,5
330,AFQOWHYKVW,RVpj00867,5
290,OLPWXCWYNI,TJnl02791,5
457,HZXZWQQDVT,ZFfj03514,5
483,DOJBDJYFEH,IRvc79351,5
209,VEIFDNALJM,DCxx12636,5
365,MRJHHDKFCI,YAdk68633,5
72,NGCLWNSNXX,HOrs83522,5
492,YPROJDMUVU,PRei21659,5
480,PUSYQOYMET,BQzm21840,5
217,QOPAUWAUKR,BFel59732,5
242,GFUJGBXILQ,COam31335,5
310,HCXMHKCYCU,HSbs77019,5
35,NJIGTZETIV,WObw49498,5
315,PGZBUOXAXY,IUje61549,5
322,HCDCIMHGSQ,SMxn42414,5
79,VBNXDVERXV,JYpw04537,5
1,KLIKCBHADW,EQlw10086,5
362,HWSARKYOQR,IWhz34361,5
184,KHWKOATMZC,VDub78663,5
100,CRAAUUQSGQ,RIxp08527,5
317,DASAMBYFTH,ZYmf70954,5
333,NMBBLXIWDZ,FWup47897,5
147,KQHOTPZZMH,IXvz57734,5
127,FTGIJRBILJ,FPyv87305,5
431,HXDXRDNBJL,XSga63965,5
148,YUVMSSDPSJ,VEtl42750,5
94,KQUUNKNMEZ,XIlx77332,5
414,ZRVLIGDINN,MMbw14671,5
110,JIXLUBBYBB,LQqr28649,5
190,KRNOLGOBWP,SFog34517,5
214,MGTVUZRYHS,JTnj06905,5
390,CRTHYJXXYG,VIod88506,5
328,SFBHFMLZVS,BIwu86826,5
197,RONCPJEFWQ,ETwy47918,5
442,EBHNENARTN,YYia92451,5
376,HMCFZYWDKO,XPrh58613,5
213,FXHIWMNJZU,TKmk88156,5
177,WVJYVWOBXK,AZqh75647,5
466,NGXWXVSIJK,CByu45149,5
377,TOPRLJQVTL,MBtz41534,5
337,SIMAZLRROE,ZJmr40348,5
305,LQXNJWPSSC,EFud30509,5
398,WAGIXDIEGI,HJse46757,5
391,YSKAUZRTQA,ZLee55757,5
130,NRSOGUQVVS,IFag47232,5
432,LHWHSNGVOD,KPis35784,5
403,KNYCQJSTZZ,ENzi66345,5
153,HTMRTYBUFV,ITpv23015,5
332,HQVERDUWYH,SFqa07402,5
61,EEEEHEKZID,AOux55579,5
45,XLKKUZSHRW,CRcc13229,5
48,EBCURLHLPE,AVvs09150,5
350,ONFDKOHMBI,AGdh73716,5
393,VSHRNITGJX,AZho50398,5
453,KCDMVGERZE,EBsk02831,5
81,QQVNEWVQWD,QVbe15546,5
223,HPQAGNWMBV,IOvs73384,5
12,JFVAVNWVOE,GKqs55928,5
281,IVJKPTGZXI,DSsb19995,5
120,EXAHGRGNFH,JKde82557,5
370,NOPHGRJYPC,JLzr92130,5
256,XDYVJYGSZJ,QZbs35070,5
203,AVGNKOGJRX,DRls17853,5
342,HQFZTCBYEP,WIyp51769,5
258,EDAXSUDHKD,EMvg96157,5
13,KMNLKNFXWF,AWyx29007,5
41,HMJXIVSAED,FGdl05362,5
142,HIAQGLFPHP,MJxv27889,5
113,XUTLOHMLUS,TYtx29476,5
341,PMBFEEJQGL,DHvu88274,5
323,MHNNLONMPA,JLaz64100,5
318,ZDRHZEXLOV,VBjz12168,5
95,LJTQNRADDE,IEaz54638,5
379,TXCBRFVCSC,KScd94698,5
468,ECFBEUHERU,QFlc95843,5
343,UBJEMPMCDF,RCnu38440,5
402,PSRBLGQMYH,QAuk79895,5
171,VZQZACALAM,BMeb34949,5
251,LHRBJTYJGJ,LFsv41896,5
29,ZFVORVGUHZ,ZSbe11015,5
68,JWUHLVMADK,DRzm54913,5
326,WDOFJYYYMK,MEky58374,5
485,EVKPQKKCXA,DVnl16861,5
93,KBSBYEKVCS,JBgu99882,5
69,EAKNKGQEYC,HDkd69535,5
268,YTTXFILXLH,GPze96015,5
143,TJXLAEERGZ,BHvs37718,5
371,DUQNXYDGDA,ERct28785,5
321,NKQNRXUOOL,ZDya94824,5
439,JVHLAMCSBH,CBgk60701,5
293,ZLDUPCOQJC,LLni89127,5
42,NLNLEUCILQ,KHqz70470,5
108,OHIXYQDDBG,DLhy89418,5
111,YCNIMPSVYT,XDse61130,5
138,IFXTBTXSBH,HAlg50198,5
181,DLMDTEHNPX,GYnz55229,5
312,TGQFRTDXKN,KOkr62611,5
222,MULQHSHMVP,EJbf01193,5
150,QRVVBJKCYA,QOaa10974,5
176,VXSKXDESHX,UXon59818,5
8,BQCQIERUHC,OOro56169,5
208,LUWSOAERAZ,PSjd66385,5
204,HKZVEMXZEI,OAbm36543,5
189,EKOIOIKTRO,BNvb21268,5
428,DLVASEGWEC,RAgk84776,5
21,QJNPHCPUWS,XDoq86966,5
401,FESVCQJQBZ,YRou42068,5
418,ZPAUKWNSRO,STlf60138,5
82,IWFUCPDFFU,PMyy57522,5
196,PGYBQGCHDM,DYxq45800,5
287,WIQJYIOOXY,UHfp19209,5
118,ZTXYZZMMNC,KRvv57699,5
47,UZHLPGNBOH,NMai18676,5
102,GRTQIFWQUG,DDpc18137,5
206,NUOVQNUPHY,DKdy43512,5
347,RQYNNOYDBP,SFjp02903,5
348,LEKRFXPNQP,FUmw62238,5
59,CAXVLUPLRX,WBhw78738,5
399,TPSNSMZGNV,AEys55678,5
39,FIJNZAKJKY,OJiq84066,5
237,ZJJMVDMBTQ,HJcq25963,5
344,YKYFSDNJDA,MMzz17982,5
373,LGVRKFUUBT,EFtn29213,5
488,HANMPLWXLQ,IBoe27376,5
125,DFKAQUMSUX,FQmp33972,5
78,TGZTMSHHLN,BVus03013,5
2,DNMONIIFVK,WGwy32648,5
134,UBKNHKJVVU,LQzn47478,5
90,ZQIFJDKELW,XYag49496,5
426,GOHTXLOQFS,DVjz84141,5
395,SZWGGOLPZE,AWyf72927,5
260,UDRTKMRYZS,GQmw79530,5
56,OPGCQKMMEL,BLli74731,5
33,FABMYEXTGP,GHts24532,5
19,WWVKWFYUSN,WRfx23652,5
255,IJXOELNLGB,LXyp31943,5
478,HZYRQUCEXQ,DRlu73009,5
18,KZARGKQJWC,HCzu55282,5
407,GTIERNTDSN,GYss00444,5
445,DUMRLLDXEF,ZWau58076,5
215,YTAVCLXPBP,NBbt52821,5
381,METWEBSAMZ,PTce32203,5
491,KOVIDBTXJB,VZeu85324,5
195,FWKSYGSHKX,QNus04982,5
421,UWNNIXLXJX,CClq20900,5
