t1,t2,t3
t8,t8,_SKm3_norm_1-Y3([43a78886bf5a7a5])
x1,x2,_SKm1-Y1([9b3d4b91e985a7b])
x1,x2,x3
t8,t8,_SKm4_norm_2-Y2([43a78886bf5a7a5])
t8,t8,_SKm4_norm_1-Y3([afa7c98ca19c31a])
t1,t8,_SKm4_norm_1-Y3([bcba97097f262dd])
x9,x2,_SKm1-Y1([6e08f1d79ab0eab])
t1,t6,_SKm4_norm_1-Y3([d32097853f5ad48])
x9,x2,x5
x1,x2,_SKm1-Y1([6148776c62c7f8e])
x1,x2,x5
t1,t8,_SKm3_norm_1-Y3([61f5b40c2383203])
t7,t6,_SKm4_norm_1-Y3([d32097853f5ad48])
t6,t7,_SKm4_norm_2-Y2([dba27213e24b04e])
t1,t2,_SKm1-Y1([37e59276927e290])
t8,t8,_SKm4_norm_1-Y3([bcba97097f262dd])
