YQPNBNWJSZ,QCtc01372,MPRQ62548,347,1.0
SYUHBLOKSC,KErv52891,MORS71695,53,1.0
SAVCUDMAHK,MJqj58718,PMTT72776,135,1.0
RMVUPKFMQO,RCab59980,PORQ23270,129,1.0
YMQYDUTAIQ,YUxq13112,POQR59354,386,1.0
FEQLHWRONC,NSoi84339,PPQS84441,394,1.0
IYLZZCPIWN,QLls49028,PMSQ90693,65,1.0
MYFSATFRSW,CNvl66776,OOQR29727,205,1.0
HODFKLUVHG,GUds25955,MOQR81006,82,1.0
WWKVNFADSE,DMow47503,NNSR20570,228,1.0
UOIDEJQWDZ,KZai09091,PPQS04152,99,1.0
WXASPJEZXK,HRex66459,NNRR21899,496,1.0
NCJRHXSYWO,SZmf49017,OMRT96938,403,1.0
NNLNIQRSRW,AFhs93434,PMSQ23691,3,1.0
LJCILIZTFJ,IYjm68485,OPTQ48410,49,1.0
CJFQRBJPYW,WRau25831,OMQS09923,69,1.0
BNWVOPNTMJ,XXiy05389,ONQQ27420,246,1.0
JVMBQDLXFD,TLbp13309,PPTS37212,207,1.0
VBRLQPZVEZ,LFvt13598,OMQQ93823,493,1.0
EORYWZBEZN,CJje22950,OOSQ99518,277,1.0
UGAGYBCNTE,UTbh94892,PMQQ70454,364,1.0
CWKMCJXVLL,PYbb39527,MNSQ74825,94,1.0
MOLNBJWMIL,IJzn90185,ONTT45346,374,1.0
FAHEIAVSIZ,MNqj36107,OMTT46792,32,1.0
TWFMOMQOZK,HEkg47531,NMQQ87047,258,1.0
JYMUHFKWJS,IUmi21356,PNTR64743,487,1.0
NVLHPYDPHS,VJtj12780,NOQR28310,234,1.0
YTTQKMANOG,EKgv18057,OPSS02852,250,1.0
SNWCFBGYAU,NNwi14000,PNST61813,63,1.0
FYXXLRXKDR,JUct47331,PNQQ72094,128,1.0
SYIBVVLZCI,ABat77116,MNTT95130,108,1.0
BCRRFZIAUT,UDqc25928,NPQQ12659,243,1.0
EVUSDHMLEY,POik44563,OPTT26052,96,1.0
MRNOKWLALT,HSax79036,ONSS88558,214,1.0
GADUYMEKUQ,CDpt59074,NPRS00022,43,1.0
EKHBGVBLNN,GHcy22078,MNSQ29688,363,1.0
UPUKTUDGRK,EVdz68169,NORQ97244,167,1.0
SCJLKSFMGS,TJtj98176,NOQR34109,366,1.0
IRNRTWCRMN,OQzd39784,ONSR60590,290,1.0
CBAGNXFSRT,NJpo63127,PNRS30351,220,1.0
IXXKCBVKDZ,BLtp69871,OMTS94584,427,1.0
EBTCQTMWTM,JPfu92690,PMST92325,327,1.0
MUPYEJFWCA,OKts81931,OOTQ34634,465,1.0
HRMRELFPDC,KYnu31662,MOQR88992,326,1.0
QRYYIFOYTB,KFow54460,NNSR14756,376,1.0
EEPFPRQUGK,AZer35107,MPTQ74457,404,1.0
TEOAUGTAUW,RClh26119,MNQT03751,182,1.0
HCUVNSMXQJ,BMpg65544,OOQR83030,340,1.0
MBUZEPQEUD,OFup13420,MNQQ28082,438,1.0
CFAHZBQNFG,EWwz75525,PMQT08110,449,1.0
APUDUQWRZW,ROhi95258,PPRT51954,223,1.0
PTASDLERGM,NFxh76573,MPQQ83039,446,1.0
TNVTCGMWAJ,IByd29669,OMRR40479,107,1.0
ZLWBVOYTKA,YBsh77894,OORR81853,264,1.0
MIQMKWBRAO,JCob13606,OPQT54460,461,1.0
IJVVAEPMLL,PLwq75800,OMTQ47092,273,1.0
RLIXICAQSM,GYgu46879,NNTQ86383,309,1.0
EFZONWHGUV,ZAsl94573,OPTR63938,395,1.0
HFLWDJABDO,SFus36896,OMTQ05086,145,1.0
DZNHIZVDTW,DTht25731,MOSS67023,259,1.0
YWHLROTCGO,ISub54421,NMSR77069,474,1.0
KEHKIFVNRI,AZhl09814,NNSR52134,263,1.0
AIIBESUTHA,MCiz43821,MMTT39474,60,1.0
MBJGVDADBC,TFrl79744,NPRS07594,90,1.0
VUQZAEBLOD,JXvz81883,OOSQ87395,303,1.0
NCQCNNROHE,UEhc89933,MOQT33098,100,1.0
FYYNMCBCPN,AYxk28850,MNRS63333,16,1.0
TQVOIBOZSU,VYer68351,ONQS55350,126,1.0
RYFMBENMQM,QNtn38267,PMQQ09521,252,1.0
KBIZEKXWYO,GDyg08770,PPRQ94905,54,1.0
IFUQPKOEAL,WNsy23311,POTT67012,445,1.0
ZPLDSQLSLV,LMyk49945,MPTR75606,450,1.0
VGXJQQIOXO,MCsf14194,OPTT47519,415,1.0
FHRHLCKRUH,HEfo80735,NPRR64238,85,1.0
TGJIGRASOF,TTvp64013,NPRS14102,72,1.0
CUSHEFDCUX,SGui85948,OOSS50187,150,1.0
RBGACCKDKC,LVxk21882,NMST02544,270,1.0
UDVBLRNKBC,KOra47131,NOTT02289,97,1.0
PPVZYIYZZT,BZtt49417,MPRQ72372,254,1.0
HVADAWCMZI,IEql71401,MMTR96245,230,1.0
DAFCGVYHAP,DQlr38929,POTR45527,203,1.0
PAIASSKVEK,GXcn34435,NNTQ87149,442,1.0
ERQSCHKBYC,KRca17087,PNRR32367,458,1.0
RWRPQTDQBT,TYdj92122,NOTQ88872,62,1.0
OYHEYWQEMK,CNug72705,PNTT42575,299,1.0
JXJXIYKIOE,QNti62424,MPTR92697,321,1.0
KYBVODCGPB,YTje90171,MNQT44100,448,1.0
YFQHQSTKXQ,MIub05358,PNSR93988,15,1.0
XQAWRHVPNG,EGjj98932,MPSS31863,34,1.0
LFMDPNKBDM,FPpr76550,PMTS79820,141,1.0
FGQTXGAIGQ,CMaw61226,MMTS13178,78,1.0
NHHNMCUSUA,CUql61467,NOQR68851,422,1.0
NTGSZRDSBV,QZaf35034,MNQR54540,276,1.0
RNUMRYPBMG,FVzt09210,NMRQ57953,89,1.0
MSTMHCFCJH,BZdc98596,MNTR98376,348,1.0
UDEDWONKQF,FSju06672,NPTT80058,86,1.0
CDCLWFCOBG,FUtk70962,OOQT68347,83,1.0
QAEOANBEQH,JJjk21929,OORS36121,405,1.0
BYWWTLXBGW,FDbm74414,MORR95991,219,1.0
UTZZLUCGUT,QUew05055,OPTS08971,383,1.0
TUKXOUBXQG,IVxz01480,PMQR17694,9,1.0
FUEQIUQHBP,IMcc85258,MPTQ10168,312,1.0
GJAIJECCTY,XPcd87096,MOSQ85801,482,1.0
HVYTJRETNG,PCsd56376,MOSR74012,343,1.0
MXWISSUHUI,ZYkh78524,PORS29770,159,1.0
HSXARVXQKP,BSdx59962,NPTR67341,310,1.0
CBMAYBLDZQ,ZGai28691,NPQS60362,378,1.0
GZJBQDQHLL,HGyh19780,MNRR99664,369,1.0
HWCIKDQRHY,TWdr64744,NMQR35844,328,1.0
EZOPFYPGMM,IKvm46761,NMRR64950,382,1.0
KDYRFFRCLD,IOri71549,MMRQ13321,479,1.0
QJGJBFAIYR,ZFsj94648,OOSS81608,443,1.0
QKYGZRRCHT,QGeq65495,NPQS05923,188,1.0
FPCSXMDRBF,YQel89413,OPRQ17023,268,1.0
IPGTBOTEYX,QUlt87578,PMQS38760,437,1.0
CIHXWKJFHP,COcq57255,PMSR91616,429,1.0
UQQGSIRJOU,MHfe47020,PNRS91463,157,1.0
JDGIORKVCF,PEay62403,MPRT38519,375,1.0
RCWTHUQVES,ROiv53879,NMSS92713,232,1.0
LCOWZDCZAZ,RMmd66178,MPTQ57261,169,1.0
XXIVPYLDPB,QXmd12938,NMSR03241,221,1.0
VVVVSPWPJU,AChs28699,PPTR63932,358,1.0
PGHXUDVYHC,YUkj91686,PMRT41417,301,1.0
YHXLVKPPCE,HPpw03892,POTQ12497,131,1.0
ZEHWTULOED,YWub11231,PNST31691,152,1.0
KHQYXZCVNY,SIkh19143,OMRS68698,411,1.0
FXUWDHHFDD,URkx29672,MMST60763,344,1.0
ETRGODSHWQ,QGyt71880,MNTS50116,210,1.0
ZUCXKNDHEK,OBnf57186,OOSR35002,191,1.0
HZHGDICNGC,DUby40354,MMQS25445,216,1.0
MWYSPDMAXF,FPgc50270,ONRQ99266,4,1.0
SWETPTIJNK,TXqq29111,MPRR38940,315,1.0
WBTHUYLFOU,MFyi05043,NOSQ83718,110,1.0
KGRJEVHGDZ,QAap32009,NNRR63520,57,1.0
GEGVKYWSIM,FRoo80558,PORT44009,352,1.0
UMZWAJLYWR,YJwt20261,OMQT03998,379,1.0
XVWCXIEWJA,QDdl81513,NPTR03656,112,1.0
NSMPSHIQEK,BIeo75144,OPQQ86305,224,1.0
LJXBSHCILG,OPco07830,MNTR60645,200,1.0
CWFPDZYOUQ,KBaw70698,MPQQ56819,193,1.0
CJYOBKGLFA,OLnr26676,MPTQ41979,428,1.0
YKQFXOHAIS,NJzw59130,PMRQ11626,256,1.0
BVKJIERZPR,JRat47872,MMST46117,226,1.0
GQAHBLMSZR,XHkc42280,MNSQ91011,130,1.0
VUJVAFFNNZ,BIwx83884,NPTR02735,298,1.0
IIZQEPFXUI,MUoh25057,MNQS96971,314,1.0
DSJCYKQGMI,PMuz98864,PPTT69105,426,1.0
HMKPGBQLQG,FArp77585,NOSR36283,249,1.0
MICQXOVIXR,INul99353,PNSR80801,179,1.0
ZEARKQBQXE,KFad59835,NMRR64252,160,1.0
UDCYDUVQKE,FVhy27690,MNTT84791,222,1.0
NYPZYHUJCP,BSws14267,PNSQ74574,136,1.0
VIGHRGUXIR,LXab46927,PPTR34371,399,1.0
UQXVTLJYOB,JGrr06663,NPRR63090,451,1.0
GYKYWTVFAW,OYnw21928,MOQQ79464,492,1.0
MCBOUJLDBT,BLpy99210,PPTS16373,500,1.0
WIJCFDXIYW,KBmj95005,PNTR44894,176,1.0
TTFJMXTCQY,TNwk14687,MMQR14428,61,1.0
QXHIIBOZXL,ZGbz13730,POTQ80736,470,1.0
XTGMBBBIXP,KSzh89481,OPTR60652,329,1.0
UGLZSZHLWR,LBph04973,NPSR09787,484,1.0
RYZNSUGJGZ,FPds68196,PNST85478,251,1.0
ATXAGHJMQB,OIbr44414,NNTQ42410,158,1.0
BHDHCXXVKU,ZSjm48934,PMRT37367,444,1.0
RNZOJKKDFQ,FWzo17514,NMSR69036,360,1.0
DTMTIHBANW,LZsg45518,NOSR41126,42,1.0
WBKKVNZRWA,LQby30592,NPQS53399,6,1.0
ZMGHODISWB,THkn77957,NORT06084,381,1.0
JIIBUQWQTF,IRnr49320,NNQS95108,118,1.0
VQZHFMBLPK,AAbu39709,NMTS34520,345,1.0
DLGOGVDHIN,UJkh22436,ONQS97879,414,1.0
KMMOIPUVAX,OUme76510,MMQQ20518,19,1.0
RGWNNNXJMF,KUlv23205,MPQS08954,229,1.0
MVMSRBAKNX,EZdh77341,OMRT51980,36,1.0
CEKJLZEMVW,MXyv49541,NNRQ98031,483,1.0
GQCRMHFMHN,IXut09787,MPTR49877,349,1.0
ATVTROWFUN,VDry86325,NORS03414,392,1.0
NDOHGIZMOU,DVqz06025,OOTR31165,498,1.0
IRXRVEATUA,AQnc31308,MPSR48517,466,1.0
AMTJZGVHEB,TQfq93073,PMSR67395,247,1.0
ASYCYIYZCQ,KKbb28109,MPRS03474,421,1.0
XLMKBIXIST,SFkb29046,MNQQ66170,335,1.0
OMEIJVXQJG,FAcb19905,OOQT85820,231,1.0
VRQEKKHWMX,YCsz97847,NMSR17126,296,1.0
HSQQNQFYUP,ZAcg34900,ONRR80769,469,1.0
AXISNLTOGC,TWrm35418,NMQR95003,175,1.0
GUTICQKTJQ,AFxq10556,ONTS33493,410,1.0
FGWMQXLWNB,WLxb49202,OORR99626,122,1.0
AVSYKIOVCR,AGvn88746,NOSS71940,10,1.0
MFDGHDBWYG,QApn00587,OPSR55426,68,1.0
IATZGPIAJG,VYxn93793,MNTR02156,162,1.0
HJMWFQKGMB,EUaq71915,NNTT38328,278,1.0
NQGKXSBCVF,EXpn82268,MPSQ25930,319,1.0
MLAADFXVUL,ENbw84861,NPRR20413,173,1.0
DIRVUSCYFG,HCow58502,MPRT17485,14,1.0
PWIUMNJOQY,VCxr28468,OORT27189,480,1.0
VYPCEIBLUS,TGqb88553,PNRR17803,241,1.0
YRMVTEJFCK,ZXhw53559,NMRQ03531,245,1.0
HSXTYYTVNM,ZSuc77382,OPTQ96909,58,1.0
NUXNSAPHUA,YZya10274,NPSR54263,225,1.0
VJKQBMYCVK,RFco88602,NPQQ14128,56,1.0
YEVCEIAEMR,CWho98637,MNTT45280,80,1.0
JZBWOMYEJR,DUap52951,NNRQ97946,313,1.0
XDAFHMQMYE,EVla64895,PNQS44327,255,1.0
FSMLCTHNTS,ULri92254,MNQT46913,334,1.0
FWACINTMRC,JIua59837,NOQS79070,31,1.0
MSIFCZJZNF,NBwi20084,OPRR92417,304,1.0
DKPRNSWNEJ,SWlg57706,PPQR66806,398,1.0
RAXGYDCWTC,HKfm69883,MPTT80254,282,1.0
UKMEJYCIVE,YMbu85245,MPSS66708,409,1.0
TTMONUXLVU,HKmc25592,PNTR24312,201,1.0
DDFOSGAIKS,HMsi73171,MMRR81137,302,1.0
MKWSOUAIBY,HDtm98604,PMRR38341,206,1.0
DXIPCDEOQG,TUgk83087,OPQT56001,227,1.0
QNMBBAMGQD,IAyx89466,PMRQ68193,153,1.0
OPMLPROZMR,QMlf91788,MNSS87765,476,1.0
GSRGLGXUZI,IKvz37772,POTS62046,198,1.0
KMAOVRBHVI,UByu29218,MOQT10220,288,1.0
VWRDRZROBK,GKsp84179,OOTS37836,38,1.0
HXVTOEGMIV,OFxk86030,NPQR01963,186,1.0
ZDGVUTSWMT,AZjo34026,OMQT20376,460,1.0
IFCZUILBBA,OXkb63381,MPTT76512,133,1.0
FARMKMXXWL,IWkm27483,PNQT11191,40,1.0
HSWXDOJHIC,WZxo42812,NNTS45862,393,1.0
BXURYDQCTW,ORtl86959,MOQQ28332,371,1.0
PNLCNJIRFR,EJhl35083,MPTS32356,325,1.0
TGWHTODCQA,CVab88573,OMSS17145,391,1.0
TSJTNYBZWO,YHcj48015,MNQS92968,354,1.0
BTOUEWNURZ,YVtf39134,OMQS54240,261,1.0
HLEESOTSOZ,DNgs63104,OPRT41273,380,1.0
ZPPUSCBGLC,UYtl79133,MPQQ30104,253,1.0
UJBKSICKKG,LRbk38875,NMSS06699,22,1.0
YYUSQQCYEI,AFry05785,MMQR24025,5,1.0
PULHEVGFBB,EUtj48962,PMTQ82121,464,1.0
HTFGKVHETN,OSri15343,POST47086,235,1.0
JYELIAPHQV,OUmf65655,ONSS67879,75,1.0
LZOKDZHYAS,SAkx44287,PNTR60917,481,1.0
QARMBNQMDW,LCan63653,MMRT21150,297,1.0
MDPOHYKGZM,LKrh64178,MPTR44768,257,1.0
ITRLSZZCJX,EKot98776,OPRR11190,134,1.0
ACZMKTPIOW,QEek35471,NNTQ46726,12,1.0
PSYBXJDOWX,MJcb17102,POSQ64555,459,1.0
UYSSQUJBVQ,STkg98771,PPRR33298,431,1.0
AOFSDBXQDU,FZtg48516,NORS78671,55,1.0
AKFDQMYWSQ,KTtg34087,NOQS51658,74,1.0
XWOJRHHLSU,UGcq70752,NNRS91117,453,1.0
GGJLJFYNYP,QPju25363,MMQR09922,338,1.0
RBEFGPDMWO,YQtw12491,MNQQ07206,163,1.0
IXHPZALCAX,ISrr59971,OOQS74522,47,1.0
CXGMKUGLXV,SBla12308,NNST69691,144,1.0
RPLDEPFHGR,NHcn03979,OMTQ07651,66,1.0
TJRWWMBRCX,RAym25572,NNST15204,275,1.0
KQOJCBYNAU,EVbz14054,NNSQ81190,323,1.0
VPGOJTYRLK,BGxs22637,PNST97770,287,1.0
ZVWCQYWODM,BIyr60915,NPRS69561,13,1.0
WDUDAXUAPV,CRfr39597,MNTQ06503,359,1.0
EKUGEHGMMT,WUhi10235,NNSS09740,477,1.0
VUOSEJVWTX,GJqs83003,MOQQ22505,37,1.0
KOICAJKLMH,RWzh02969,NOTT66819,355,1.0
GZIABTRJIW,EFtj90408,NNSQ05506,407,1.0
LABTPFBTOW,BBme73008,ONTS10737,30,1.0
YFXKEBVAAE,LStn90024,NMQR44377,123,1.0
SEUDKJNKLU,ZRpz13819,MNSR09374,46,1.0
OPQBVQGTFB,ERet54799,MPQQ22851,194,1.0
JYIXZWFQQS,ILjb73783,PPRS31580,215,1.0
UJUIDCRNSC,ZYfc51970,OPQT77424,79,1.0
XEQWBBRSCW,PHzs83794,MNTQ56931,271,1.0
IVRBWHRYSP,YTei21024,MNSR11582,283,1.0
MVZTSBXGWD,LQrc39201,NPTS47007,132,1.0
YMWMPQACAD,EUut64476,PPQS65750,494,1.0
GLOBGAIYXR,BXlj94019,PMRS44871,420,1.0
CZKBSJQKBN,VEke97846,MOSR66351,452,1.0
FQUMVDKTVF,EZna85600,OMRQ33367,181,1.0
DIRZVECKCL,BSwv30373,OMSR26118,119,1.0
GVZQXMNEJY,JKrb88942,NPSR45253,93,1.0
EFUTGAQWXI,NHsc31242,OPQQ99361,475,1.0
MJBGPOAKXH,EGoc92734,NORT53432,192,1.0
CUPMBEDUEV,LXwe16238,OORR92921,300,1.0
HDLVFIQXCN,DHbp44951,ONQS16860,332,1.0
UHGABPOHGO,CZmm99671,MMQS99995,357,1.0
OZOFNHHKPC,TJvd85792,NOQT16982,388,1.0
DLGLWSLZKC,MZqo59634,MPTT46952,81,1.0
XWAQJCQDVM,PDgk51000,PPSR38817,293,1.0
FUXTSEMCLC,QVxa41386,PNRR94907,353,1.0
ORWQASVDBN,KSje60383,NPQQ45720,265,1.0
WFXPVSFDAM,ZBvd41115,NMTS71943,365,1.0
ZRJQAZBTSS,EXfl75101,PMRT69310,397,1.0
DZONQKGSEI,LOeo89781,MNTS85020,105,1.0
LUZMUWSVDH,LUgo27359,PPSR69512,168,1.0
GEVDRPACLF,PSas16920,NOQS51118,183,1.0
RMHHKFHSJX,HXeg25628,PNTS64229,185,1.0
CHTXAXANUD,JRmj49601,NMTS30311,370,1.0
BTGOBHYNWZ,BZuq54256,OOTR54094,434,1.0
XUMBJNOANR,ZMcd92520,NORT42064,92,1.0
GGIGLRZLFY,KShm52007,PPSR90602,269,1.0
SZLTXDIDMI,XMxo22096,ONQQ57265,204,1.0
ZOOSYZNEER,DKji38558,NOQS04535,137,1.0
KLJCPXVZGD,BJzd70743,NPTR99230,324,1.0
KJJBVFDUST,YXbh61973,OORR85752,164,1.0
HZMEGLWJFC,CFqs37634,MMTQ52538,488,1.0
UOLRKNKPQI,VZsu28738,NPRR87224,284,1.0
MCEVHFZTVX,EJmx68626,NMQQ05256,248,1.0
PQFNDCWVST,ZEos30809,NNRS86976,377,1.0
RFWZOLIHZX,VLwp60706,ONQS36422,148,1.0
LQFMMHKIJF,IKrh12171,OMTT57714,127,1.0
UBYRCBRXUZ,YZqs45169,OPTT60561,190,1.0
LKGSEPRQWD,QCfo01523,NMQR83978,433,1.0
MAVIHEIZQB,PBpd14983,MOTR97109,25,1.0
JKVQGKSBBK,AZdo58064,NNQS69408,406,1.0
NTZYZBPLBI,WCqj02468,MPQT46620,146,1.0
JEYTMGJZZG,KVke85520,POQR22309,211,1.0
ROJDNVSDLD,XTah10932,OMQQ84852,124,1.0
SUCQCTIELX,KSaq34693,NMTR35080,361,1.0
TZIQZAKIDI,LCqv03660,MORT30446,156,1.0
BEVNTLESQH,PSuh77218,NMRS69896,401,1.0
NYVKKUWMOW,OFyb49768,NMTT39620,467,1.0
EYENYLVSLL,KNqq68893,NNRS46858,486,1.0
TVATJNRDWQ,JGnr53166,MPTT17632,139,1.0
LOJQDWMEIY,APht48164,NPTQ23891,424,1.0
IZPNRLAMLG,UXqa55955,OORQ23511,26,1.0
KTFQFPTTKN,AQcd84427,MOQR09647,71,1.0
JXXQBQWWRO,ZFcw73105,MMRS89970,155,1.0
FRSUNUYGPD,ZKyi33103,NOSR24572,196,1.0
AOPPWHPAWU,WRpe69101,OOQQ23863,27,1.0
QXFDLFFREQ,ZLte37166,OORS41509,385,1.0
HWMVSAJFIW,GOkp82788,NNRQ99582,400,1.0
UINEBIFVWJ,RRfr14741,MOTQ17824,48,1.0
JANLLNLWIR,LNue91014,OPTT00792,11,1.0
RVIRTJTVOL,WRwj26566,NPQR09877,121,1.0
RJLIBMHRBK,HUoe26330,PMSQ65985,140,1.0
WCAFSPIRNS,GBds22540,PORS82195,21,1.0
QUNRBHMEMU,HAtk73283,MNRT42225,239,1.0
BIRABZKBMP,RWsk19096,OMTS56580,236,1.0
DUKZIARNZC,HFym58933,PMRR00975,495,1.0
FWNTWBGISH,UOtc92751,NMTT14135,2,1.0
JVDVXTFAGG,PYwd29305,NPQQ79849,462,1.0
MZYRPYXDWF,FUhk37864,PMTR99935,120,1.0
OOVYXKCLWM,PUeb47822,POQR41971,418,1.0
FSGOSGCZKL,KPmt23830,POTQ52406,339,1.0
UEOJIJEFPR,UNnj02564,PPSR03378,368,1.0
WLPSAJSAOK,ZPzk26513,ONRT24880,238,1.0
PMWTCPBFIN,NWtj96804,NMRR44366,244,1.0
DIZMERJXLG,HSnq48578,MPQQ74666,346,1.0
JWYLWIOHRC,QQbm23811,ONQS53105,208,1.0
HKDJNIDWWN,VPqu30521,NMRQ50564,84,1.0
BXSIUPDYRT,SVzg49612,OORQ04974,142,1.0
VGJWKDUTED,IQis37668,OMQT91009,266,1.0
GNXOOEJTSS,ADxh71170,MNRQ35885,170,1.0
QDUBJXHZSB,PBdj81537,ONQQ77717,294,1.0
ZRJRLEVSXU,IFvd03889,PNQQ03897,39,1.0
RMJCCVLVTI,WWnm18146,MNRQ62230,149,1.0
XVYENUCURA,ORkh63344,MNQQ71768,33,1.0
OFVDZGBUFW,WJrm47051,NMTS72471,425,1.0
DHTERPLZOD,ZWau35844,PMQT04179,280,1.0
QEOEHSSHCS,ZAuy25159,PPRT72464,285,1.0
MFEXMYQZGN,VNox26735,NPQR06947,307,1.0
VGHWQOGFVW,DSiw44633,NPSS82578,318,1.0
DUDKNZGXRN,ZBln02553,MNSQ68225,274,1.0
XAWYBKWJJW,XLgy17775,NMRT54462,17,1.0
GBYRYNDZWM,KLjv16645,MPQQ57588,295,1.0
XMKLRCGFKC,PFvs10678,OPQQ10514,317,1.0
FOEAVHAFYH,ERcf65813,POQS97041,292,1.0
TSEPZYAXCZ,LWut54361,OOSS36620,114,1.0
QFFSVEYJLQ,ZFcz88323,PPTR20438,305,1.0
SNJFPBKWKM,IUwj02042,NPRS67770,209,1.0
PJTJMOXYCO,GGug04133,POTR97214,491,1.0
DDJPCXQZAL,YXmm09977,POTS48533,73,1.0
FJSROWZPKJ,EMqd50952,OOSS45201,436,1.0
GENYHRQGKV,HLyu76378,NNSR21869,389,1.0
KGAGNGQYCJ,JLtn03877,PNRT75758,423,1.0
WWFUBAKXFU,POyb50782,MNTT81006,456,1.0
YXGFWKOZGI,CEst36838,OORS75742,76,1.0
KCELBZZACW,TPec06302,OMSQ81966,64,1.0
GZVSNDYUEB,BUew24388,MNQS88006,417,1.0
SOKFLZYTTU,OMce35865,POTQ68657,390,1.0
WTFDMFOKJW,MOrz54511,MPTR49452,267,1.0
YHLBIDIZAD,YEqb65995,OORS73042,435,1.0
HBNTMIPDKA,YMcm66152,POSQ54784,195,1.0
HOCEEFURRH,NBds33269,NPRT03748,212,1.0
MRHCKXEUPG,MPbr23797,OOST89810,441,1.0
WEEGHPNOUE,ZMin03210,MORR80645,455,1.0
OMYCUXOOTG,VOlf03671,MMRS23418,260,1.0
JFFTXDAEYF,AKfx73615,POSR31763,50,1.0
PVDINHTLMH,QHig71047,OPRQ80257,311,1.0
LLXBVLHANY,AQst48714,OPQT39621,331,1.0
RGVYTNWEGH,YUvy74507,MOSS52438,41,1.0
KNQYTCKHYH,VFou46307,MOQT45687,367,1.0
OFGPJMAXBO,CLlm45425,OPRQ06699,88,1.0
LUKKRHWSWJ,ZEqy26709,OMRQ53116,341,1.0
OSYRLRWOUS,WUio38282,NMQT60109,286,1.0
QPFPUCAHWO,HCla65692,OMQQ48202,98,1.0
DLPBSKMKGE,OKwq20669,PMQT29450,419,1.0
NQZGSNEAOJ,WIll06342,OOQT81783,20,1.0
TAAKUETYTB,XNlg34325,POQQ29082,18,1.0
QLCCRGVXVE,JVkt07768,NNQS11427,52,1.0
YSUGHATPUN,VSoh79858,PPSQ00282,490,1.0
OCNQFEHTCT,VWhz03813,MPQS70666,109,1.0
WCJPJHRYKH,ECvs43683,PORS55581,103,1.0
GDWCCKONBU,UAxr78229,NNSQ26336,447,1.0
ZNUMFHPPSP,WPri02693,NNTR68615,463,1.0
XPKYBWVIBR,PMyl51497,POTR42599,51,1.0
WOYYCLOBFP,HOhq18482,NNST82761,8,1.0
GMLSOGPDER,QKwd68687,MPQQ06800,306,1.0
WXSQQAJZTH,DPmv81878,NOTT52890,468,1.0
BPWECQSXDQ,WGuq63933,MNRQ79974,262,1.0
LIBBTELXLK,GCob78712,OMQR61167,87,1.0
VXJIPYCLCO,LYoe01724,MPSS81385,439,1.0
MCBREOZAID,FQyt18074,MMRS59672,117,1.0
RAUWNBKIDU,TXxb98855,PPTS28095,351,1.0
LDRJEUOGRD,ZBkt26868,MORT04401,184,1.0
OZYZRXWZOI,MGma71901,NORT96186,35,1.0
RRCNQUSJNL,TNsy62790,ONQQ57747,308,1.0
OHXAWKYVVR,AIpn59498,OPQT41223,202,1.0
PUPHUAVWVX,PUgt51159,MPSR77534,104,1.0
DQQYSRDABX,DGor84726,PPQR35640,440,1.0
POCWMGRBMD,ZSbj46726,MPQS64369,499,1.0
DDJMNXLCYF,LCqk72287,PPSR03854,91,1.0
RGKOMQSIUA,RGlx10155,PPRT39832,213,1.0
YMZBKLPDRL,VEow27581,MNRQ56959,151,1.0
WHZIRXBYLN,GIux12858,NOTS08585,362,1.0
KHWNVVCCJP,RNfk61423,MOTQ35545,125,1.0
MLSRSZCSBX,FYcg57044,ONQR92141,454,1.0
DORSDCKVER,JVbx32945,PPRQ74755,485,1.0
JHYTSQYYFQ,MNsw81365,ONRT04761,316,1.0
LTBIUNKYGF,SVrf65026,OORR22353,320,1.0
EHERXXGAMT,XKmr17129,PMSR94903,178,1.0
PXTFRGPAOD,IUnm17132,MNQQ61807,197,1.0
LDERNQKNFN,TBjm64182,MPQS95432,272,1.0
ITRIVNVZNQ,LUhy67748,NNST43844,402,1.0
XBXZBNXGLC,WBwy89180,NOQR90788,187,1.0
HPJIYXZHRL,ALgi98210,PMST46371,337,1.0
ERZVCWERQJ,OMkd72973,MPQQ43303,289,1.0
JYIHQRZKEG,QDza12899,NORQ66247,333,1.0
NUDUPNITEL,JNei50925,NPTS27333,457,1.0
SKGWXOPOET,MAgs23292,ONTR04334,330,1.0
CXWJFMNOLX,JYpf99535,PNSQ83212,291,1.0
OXTKWOCFEU,BOpv06777,NORQ09366,489,1.0
RVSLIAGOBC,YXto57920,NNTS27061,165,1.0
EKQWWOKASD,ZXxd40982,PPTT87030,336,1.0
LIHJFHCZBO,ZVpn38455,OMTQ76889,180,1.0
GPGHJEOBNG,PSne70760,OMQS72703,77,1.0
WKRNPAUOOT,MCcl08106,POTQ96566,102,1.0
JVOFCLQIZJ,ITko88392,NOST91893,23,1.0
CGHVHUQWOI,FZug78510,OOQS33543,115,1.0
TUSHARXUCO,DPcp26942,OORR45613,106,1.0
IZIOKEWXWI,PCos34685,PPST31153,242,1.0
JCORZEVZUH,UYxz85504,OMRT28435,237,1.0
CFEOPDRRFI,SOja85273,MPQS58261,154,1.0
JWDNSWPUEE,JAnk31019,OMTQ34274,322,1.0
RUSLWYBOFT,OEcb73737,NPTT46587,472,1.0
CVYMCFIJLV,JGes79611,ONSQ59006,416,1.0
OTVGPYGOTR,VWof59801,POQT73875,174,1.0
TFPFDNLARB,WGtq84097,PMQT70180,28,1.0
SLOKEWWSTX,UVqj77920,NMSQ73150,342,1.0
DWDXVMEUKV,PEcg06728,NOSR34636,24,1.0
SGXMZOHRFZ,QQqx91985,NOTS64026,281,1.0
ECJNNQFQHD,VKsp15902,MNQS72593,413,1.0
HOVQNOVIJM,AKnw34169,OOST02021,279,1.0
OOZKKJFLRM,BGyc55810,PORR64563,44,1.0
ERICUYMMJY,OQqs54903,PPQQ83852,7,1.0
BMKDDRKVMQ,OSko18827,NNST19970,473,1.0
TUJKARGPZC,ROii80250,ONTQ10528,70,1.0
VJIWZXNMJJ,ZStx65111,ONQQ96503,373,1.0
FOZCNUHDVY,NTrp84119,MPSR37234,111,1.0
DSZNYEOTCW,EBem79896,MNRS86664,430,1.0
YSUEPCCFRK,XPvq96084,NNST71548,356,1.0
CVYTQRHSRE,FCkh86532,PPQT81248,240,1.0
FDHDOHGUZA,ITvi52845,PMSS49830,471,1.0
NDUJHAMURI,FFtn62245,NOTT36495,113,1.0
KJUGWTWOIG,XFrg16743,POSQ94848,189,1.0
AULLFDYQFN,BQrm06778,ONQT86375,217,1.0
OFHYTGHUUV,HHet29970,PPQQ79952,233,1.0
UXLWSIPMGO,DVsd97606,MMSQ30689,172,1.0
ZPLMATUWCY,OFuo17883,PNSR98076,171,1.0
ZPAZTCNPDU,DEai68104,MPSR52301,166,1.0
PJHMVGSQUX,ZVxm90956,PNTS60866,101,1.0
UISEDAOSAN,NRnd29713,OORR46035,199,1.0
SWJVMNHFLQ,SWgt24837,NMTR12474,218,1.0
ENEJMWHRHI,BVcy23692,PPTQ45198,45,1.0
HBLOQKXDRR,MFob17594,PPST79778,116,1.0
IVDFQZFDNI,QIkk10588,MPQR31342,478,1.0
RNDLSVMLHA,HNvc36233,OMSS58064,67,1.0
WRZFTROROE,HKxs30255,MOQS54257,147,1.0
GPVPKXRVKL,AGnc04385,MMSR01190,161,1.0
HBHWVFISOG,KWvt32601,MNQQ57490,372,1.0
XKEKLKAKQG,IQtf54334,MORS26581,497,1.0
IKAQNJNCPD,JUbe96056,NPTS96649,432,1.0
RWJZOKOOQR,BWyc71676,PPSS35521,29,1.0
WHFZKDFGUS,OFui56213,ONTR77832,95,1.0
JUPJULDAKC,IVmj72170,POSS73228,138,1.0
KVVXULABOT,OOko90162,NOTR37474,387,1.0
WOXITFLCXQ,PVex09725,PNRT98287,412,1.0
MXYRPZSITU,JFbc52892,MOSQ10433,350,1.0
LYLIHQWNBS,KIpv64309,OPTQ94831,59,1.0
WDNDATBDYO,DXgl01207,NNQS19603,143,1.0
AHTWKNTZSX,SEik24881,NPRT80389,408,1.0
YZHJPHFEME,LFpu17705,MNQR45605,396,1.0
OXZLLOTPMF,IEsa78537,OPQQ92336,177,1.0
DSUFMQLAMH,LDwj89514,PNQR78677,384,1.0
JGTJOKDXND,XSpo73953,PPQS46691,1,1.0
FAJZANPAMF,WAlv63432,MPQS34192,2034,1.0
RWWBQEQEEB,MHxm78031,POTR54459,2171,1.0
ZFKJERZOWG,PZhu33034,PMRT54619,2481,1.0
GJCYMQYRSP,FDyo31366,OMSQ36276,2229,1.0
EEPYJBNWWO,HXoj11030,POTT37069,2015,1.0
EUPXKRQSJQ,HPiu62253,PNST27839,2109,1.0
XXSSABYMHP,KUak55853,MOST73485,2380,1.0
FZXIXKQPSR,FMwa24477,PORR70202,2180,1.0
DVMJZBVMDB,BMqn16631,MPSQ94102,2310,1.0
JIEWNOUOIK,JTzl54091,MOTS18071,2474,1.0
BUDIZDGGMB,IThy19149,ONQR32587,2028,1.0
SFXEPUFVUU,YZdq00636,POSR42368,2140,1.0
MESCIAFOFT,ZShi92500,NPQT29489,2071,1.0
FZKRABRUNK,ZWyx20899,OORR60067,2213,1.0
YQEUKPZIPK,QNqp49516,PORS52885,2278,1.0
UAOOHXLCIH,FEtr37746,MNSR46580,2406,1.0
EOJMSIALSQ,KKkt28163,OPQQ91001,2292,1.0
KFPYIVUSBI,QZgn20626,NORT58789,2405,1.0
DQKAXYGUNG,MHow57422,OMTQ29133,2216,1.0
XKFLAKMEOO,ZRfv97329,PPTQ42096,2085,1.0
SKEMGYZXGR,UMej52822,POSS96292,2315,1.0
QOYHIWWFVU,YVvz24946,OOTS04653,2087,1.0
XGKHCDEEIO,PRvy29736,PMRR45357,2025,1.0
WMICELWGUS,IMht51461,ONTR86207,2203,1.0
HEXICQHLYK,MEjb22554,NOTS05228,2023,1.0
CZLLSDHAQV,ENmt30957,MPTT54990,2466,1.0
HWREHBISMM,LZhp41400,PNTT17922,2188,1.0
QBILPXWSOL,VXju20119,ONRR15931,2088,1.0
IVJLFLJKDV,NBjl57900,MMQQ44613,2019,1.0
BQHEPVUFUC,ROnh94829,NPQQ45767,2410,1.0
ACQERHGZQM,MHgt70610,OMRR24808,2369,1.0
XHDGKGLXML,NGdi88942,POTQ64819,2305,1.0
FUTNPKVICY,YKkx99991,OOQQ71684,2072,1.0
OJRUEAWZMV,XCvv94177,PMQQ36045,2132,1.0
VWLKLWUOJX,SIse45888,ONQS04750,2055,1.0
RSUOROLOBP,GFsw33117,NPTS77330,2189,1.0
CBONCNCTRY,OJkp35848,POQS36482,2476,1.0
MYRCYJFBFP,QTjl07698,ONRS69745,2243,1.0
MAKOSYDSZJ,OKtb11265,NPRT56222,2470,1.0
MBYEZCRSFZ,RYam75695,NOTT27685,2097,1.0
AZOCPNWGYF,MIdf32495,MOSR32864,2119,1.0
XOGMJGILOR,FMfc63944,MMRR92452,2341,1.0
KNJGCTIUTE,WPlt38076,MOTR76011,2044,1.0
YEJPCELCEH,AIua99079,NNTR25203,2056,1.0
UVRWQJPBSS,JGim89636,OOTQ21752,2265,1.0
EMYUWEZPRR,AQki51574,MOSQ82253,2435,1.0
BYAHLAWEMV,WBgw37041,MNQR42340,2168,1.0
QZSOIJCROD,AKkz26720,MOQT99817,2372,1.0
HLSRSBZUKX,BQgp35198,OMRS37233,2290,1.0
PNVFIRELAP,IFgr39429,MNQS27655,2304,1.0
BLMTFBAHYU,DMwn03542,OMQR78012,2218,1.0
DEBXRDMLTR,RMmq96035,MOQS27142,2353,1.0
FTAVZWOZGB,LByc75765,MOTT87404,2166,1.0
WGXIWSUTZO,LMqv81569,PNQS20988,2300,1.0
EYFWJKHKZB,JQqy73309,NMTR94436,2326,1.0
WVCJFOZYBQ,PRoq12489,NPSS99998,2391,1.0
DCOLPULEJI,BUty04194,MOTT60796,2478,1.0
VQRIWTKNFE,CQyw86363,MOTQ58924,2206,1.0
FWKLMCMPKL,FXhn66417,MNQT74223,2343,1.0
PYJDYMUSFN,IOgy32141,PNRS95589,2060,1.0
ZHCEURSNJH,NObh62010,OMQQ86011,2370,1.0
VLITGOFUMD,XWhw06879,MORT02194,2390,1.0
CVVNDAXZFE,TPak52743,PPTQ89732,2122,1.0
PYPTPCBUZN,ORnm63276,ONSR14855,2387,1.0
YMINNVNJCL,GXze61326,OMTS42514,2039,1.0
TWCDMWGETJ,SDsb95922,MOTQ68233,2426,1.0
LMSKHGVYXM,BWhu77312,MPQS09064,2423,1.0
IWOLNWJRFA,TNnn14269,MOST30038,2268,1.0
AUXQEQPHXG,STci34731,ONQQ67219,2283,1.0
ASGJQAININ,LUxh65958,NNRQ76248,2244,1.0
GEFJFXPKON,GGhd06268,NMRR15354,2095,1.0
SQKJEWTLAB,XFup38050,MOTS74728,2371,1.0
TOBLDRBDDO,UQis05699,NPTT84310,2128,1.0
FMLYWNQXJI,XLjb85921,NOQQ11033,2454,1.0
UYSYSQHJDR,VRuv75430,NOTR24377,2086,1.0
NGULJBCCXQ,PFde98939,PMSQ90042,2418,1.0
ISJSBTJHFE,IUzz33062,NNTS66091,2174,1.0
AQSUFXLMMS,BIdy07375,OMSR24400,2308,1.0
FXVGJJUCEE,ZIci77439,MPQQ61452,2042,1.0
YAFXIGBISK,NSqs78111,NNSS85143,2198,1.0
ZEJFFYCBCJ,DLwm55530,ONTT23973,2432,1.0
GQHNJYSYLS,LAik36259,MPSR68426,2183,1.0
YWDWQADYIK,ZHgm15797,PMQS40737,2051,1.0
AUHIDRZJTO,DXki00036,OPQT39037,2228,1.0
CLZHZIQXKN,TYzk16243,NMTS08191,2126,1.0
VIVYRYBCZY,DJbe86381,MMTR67898,2255,1.0
LPUZJAKFTF,FIxy56715,MNQQ74957,2148,1.0
NJEXEURZRR,CYow07185,MPRQ54241,2123,1.0
GETCGRQOZF,DUwt30614,OPQS46958,2089,1.0
ICENVXOWJF,OLqx39287,PPSR03853,2437,1.0
SYQEZYROPM,RBau38107,MMTT34507,2219,1.0
PCJKQPUDEO,GXhp35082,OMQQ30059,2417,1.0
EPUUFQYDZZ,VVez30673,PPQT32779,2127,1.0
NCFCWVPCOH,JYgs45601,OPQT39618,2270,1.0
KPJDTMZLIQ,JYru11883,MNST38832,2200,1.0
PTRATVYRCS,ZJcp52378,NNTR14110,2408,1.0
IJJOVWCZMN,IZeb39321,NNRQ30168,2480,1.0
AXRTRMTCHH,VKcr70052,OMRT10151,2041,1.0
TSFEYJBUOW,PHtw28730,MPTR45872,2362,1.0
TSKXVNFTAA,BPwg81504,NMTR94835,2193,1.0
MULGEGMTZK,SOcc38187,MORT66974,2211,1.0
UYBJWIJLAI,JSmb27602,MNRR25705,2113,1.0
XNOACYXWYG,AJdo95151,OOTR57741,2061,1.0
QDQAVNYWSJ,VUec75879,MOTT31695,2120,1.0
KUDIOIRNCS,BKxf71219,MOTS12014,2010,1.0
RJYPKXSVVX,UKxl94110,NMTT38968,2022,1.0
TLMVBKCNBY,NCte92748,MOQS63364,2003,1.0
FWEFCFKZBZ,JXav60324,OPSR88799,2004,1.0
JOQIXPHHYP,SVaw73938,PPRS13491,2170,1.0
ZYUVLGQQAH,EMnt14166,NPTT47950,2401,1.0
CEWMAFVYXR,UTit09133,MNST89518,2385,1.0
KWAXPLJZNU,QYix88313,MPRT07883,2021,1.0
SBQPHRNBYA,QUwf40654,OPRQ93833,2477,1.0
KDVTYUREAN,UJgt48635,ONTS65553,2190,1.0
LMDUIRYIDX,KVxs77017,PMQR56334,2291,1.0
FHMPZKYTBY,UWre34125,PPQS78078,2199,1.0
WMRGYXPMDC,WRfw86486,PNSQ36540,2194,1.0
IKHUNQMINI,VLjx68029,OPRT80592,2212,1.0
OVQZXJHFZY,SXwe97510,NNTR34587,2472,1.0
MZRBTVVUBK,CEqb13135,PMQQ43694,2400,1.0
TMAYUHGMHE,JBsr20360,PORQ49572,2250,1.0
PHVUXXCGDO,RKsi76753,POTS99478,2475,1.0
UFSTFAJDOB,XOav05721,OPTT40446,2331,1.0
HDDHUYZSJL,SKhi02055,PPSS63063,2340,1.0
NLPCEZYPWH,KUfz02848,ONSQ82073,2099,1.0
XIIGZCIHOL,RLas19413,NOQR28542,2393,1.0
YQQWVREFXL,JPjz94823,MNRS56191,2462,1.0
OHPXQBWUXC,CWak26690,NOQR93755,2421,1.0
OZMBJDCOEV,CTzo88280,MPRT78437,2217,1.0
HEDYURCVIX,NLzb24372,OMST31922,2346,1.0
IBPUAHXXGS,BOyk04626,MMSQ37541,2191,1.0
ENTQLDJVYB,ENld58141,MMQR25856,2117,1.0
AZRQWHWXZY,ASbr93441,MMSR84976,2457,1.0
LOJYBBHETR,VVka95662,NORR34868,2307,1.0
EDKEPHJUHP,KQyw54145,POSR42743,2074,1.0
DHSUNCSFDS,MYwh67743,ONTR93329,2201,1.0
ZPNCFCBHNU,UEpp79723,MMQR73721,2108,1.0
EZGZRDPJXC,UXps14818,ONTQ11126,2007,1.0
JWXSCQEMCJ,TQgj60207,OMTQ69220,2463,1.0
QWGCOCBAFG,CHep83678,NPTQ20465,2110,1.0
CNXKWBNAKH,KFrz52148,MOTQ90457,2159,1.0
AYKDFDKNPQ,MKft61375,OOQQ04920,2329,1.0
EALBOPKMYW,NSxm07663,NNTR71589,2045,1.0
FBMDBVDAAY,KIke69545,NNRQ42081,2037,1.0
DUNXTZTXQJ,XAde25368,OOST43939,2395,1.0
FDVUJSYSYT,DFlk17201,PORR30174,2204,1.0
ZFXJCVSSSP,PFvv70858,NORR16443,2434,1.0
LBGGCOKPLT,UDbz83012,OMRT64760,2035,1.0
BXNCEWHPKO,KVhq31089,ONQS94652,2186,1.0
LDBPQQPRXJ,NFox27822,MNSQ91491,2281,1.0
NHWMWTCRXL,AMxn62246,PPSR37766,2336,1.0
FWBRVPFXMP,VDmk78989,ONSS46775,2225,1.0
BWDQOPRDRM,IExz98651,POTS95840,2468,1.0
UZGEBRZHJA,ZIwb41482,NNTT04593,2261,1.0
ONDZUCSOIN,ECsy23736,MMST26336,2298,1.0
ZRGDVQXKER,YAfs40911,PPRS19642,2367,1.0
VBVPDZEEDJ,HNla49505,PNTR94951,2151,1.0
WITOKRQQZJ,GDnm88566,MNTT24651,2333,1.0
TXWFCNBLYM,YKhk08299,OMRR02568,2038,1.0
JUHUIZXGCH,TBtb78593,MNSQ87226,2425,1.0
XZMKMZPWCW,DKnw63994,OPQR35906,2065,1.0
SMNOTAOWWA,QOms58755,PMTR27825,2073,1.0
RGGIOWAWOS,MZpf97701,ONQR30282,2428,1.0
SWXMLIRFMK,IOjy60604,NPTR04870,2249,1.0
NMWOFZVHVD,VSro40459,NMTQ14652,2484,1.0
TFHIXKFHAE,LUxm95579,OOTQ84397,2115,1.0
MGYXDEWTWC,CBoa39287,NMST99478,2005,1.0
SDRWHKSRWZ,KYrs67392,POTS12148,2209,1.0
GRQOHEHAPD,OGxj60353,NMQR79017,2234,1.0
XKONNXFAKM,HNsl85799,OOTT38419,2451,1.0
QLKUVBQWLY,OWaf97060,POQS08820,2078,1.0
LIQOWGJNQV,QFwz11769,MNSR43261,2187,1.0
FORBUXPJTT,KNkf55319,MMTR38202,2059,1.0
FYTVTGMGFY,XSdr43524,NNQT33204,2295,1.0
FMUJXJZFPC,RPbv37978,MPST91563,2101,1.0
IMXYRGBYGG,JRtj58736,NNRS59674,2043,1.0
YHLNJYFRSK,XYwf71031,MMQQ49910,2075,1.0
ELUZTJFJUX,WLef02651,NPQQ37959,2356,1.0
MPWGSZKMKJ,KCyt21810,OMQS48837,2276,1.0
ZIJYOHGWMS,NWso25509,NOQS74573,2458,1.0
OVFXORZLCS,GUjw23750,OPQQ60599,2066,1.0
BMTEYYOTES,PHtx86679,ONTT85656,2433,1.0
LKTABVPQUO,NVpa30832,OPST41375,2368,1.0
KPLEPZXUQC,YDaz29235,NOQQ60541,2081,1.0
IHCEZYZGKH,DDnu09415,OMSR67067,2269,1.0
ZTTHJSPYHO,ICqv99364,ONQS03068,2319,1.0
VTIOPIOBYZ,PKjo93261,NPST65247,2133,1.0
WIMVTLLHRI,KSjl51874,OMTR08655,2254,1.0
QJVMPLRPJM,ZXca01630,NNQS14320,2263,1.0
ASKADVYJTQ,UEto48453,NPTR84440,2347,1.0
PMMMIWSDJB,EBqa91693,MNQS58371,2053,1.0
HROVVGLQMG,OUeu85214,OMTT47606,2312,1.0
BRJWBSGMBL,CVtz04257,NMRR34853,2409,1.0
EEJYKIPPXS,BJbt81206,ONTQ15012,2318,1.0
HRNZQJBVHC,NVkc40061,ONSS68432,2427,1.0
WYMAHXNSLP,KIqu02211,MORS08127,2379,1.0
HOWBMTNKJJ,VZwy51095,PMQR26934,2260,1.0
GXCQLEZRHX,MFuz31681,MNTR82000,2424,1.0
SRQNWARXJK,IIsx55845,NPTQ56088,2363,1.0
ZCOFOVKZCA,UYtg13305,MPRS31656,2184,1.0
PUIEWGWOLM,XExz15713,NMRR84039,2301,1.0
TAWFDNOYAK,AGep88778,NMQS15336,2299,1.0
TARBHSIOEP,IGfk46035,PPSS35279,2031,1.0
BASZGUFMKI,PQxv84134,PPRR85897,2175,1.0
UHDTECBXAF,OQar56482,NNSS27176,2063,1.0
FJXYCXUZPX,QXci54422,NNRR28091,2164,1.0
WPQIXUHVVD,OAyp01363,NMSQ31573,2403,1.0
CUOWOHGGWA,RKwl76460,MPSR94012,2210,1.0
XHLWGVKMIT,RMdn54486,PNRT20501,2231,1.0
LHRZFBKNMD,PDwe78983,POSQ68874,2146,1.0
SZSCTWBLCZ,VQdp89548,PMTS03650,2111,1.0
WYNQFXALFZ,MYrv24462,PNRS14154,2253,1.0
ZNQZNSTSYQ,SJpo36347,PMRT31248,2388,1.0
DQRVQVHUVK,JQzn06825,OMSR71493,2080,1.0
QMKYOYKJAH,RGeq35361,POQS08416,2173,1.0
SDBWWTVGHN,QKib40115,MOSS08934,2020,1.0
KTFLDNJJSG,SHbl87523,NNSR64197,2114,1.0
RTJXQYQDCS,ZPhd60868,MPQQ92507,2202,1.0
TETMQJUFYZ,MTws43074,PMRR57291,2483,1.0
MHJNSFCNKF,SRxj92008,ONTS26342,2338,1.0
KITRPDESYD,PKit39074,NNTS91484,2040,1.0
IBIQRZRWYL,DPss62187,OPRT91815,2116,1.0
ZBTUOFWZQQ,AJwe31218,NNSR50554,2192,1.0
MNGENDDYJY,HWpz23219,MNST23803,2431,1.0
ADNVNJFWLL,JZzj00427,NMQQ98063,2162,1.0
TYNGRLSOJX,ZEnn91158,NPTR91658,2153,1.0
YEVMEVDWPM,WOrw55985,NPSQ76336,2357,1.0
CUTACDFSZH,AAyb26455,OPRS16124,2384,1.0
AQOOZHUVWX,OXzr98516,NPSQ49929,2103,1.0
RXLPAYEGTJ,LIuu94672,POQS25941,2232,1.0
POCPJBJWOV,VMjp97393,POTT64001,2339,1.0
SBAKISRANT,VLza95405,NNQR91081,2163,1.0
OZDIHVYEOC,BPvw97168,POST26537,2482,1.0
QUVQRAKWMB,IQok67445,MMQQ22215,2179,1.0
THMIETTQXU,AJlb82947,PMSR77974,2233,1.0
YKCOGOEYOE,IJuc34667,MPTR13714,2364,1.0
DYGMRGKFGJ,VDhc92663,PPRT20216,2008,1.0
YYYQSNXVAU,UFvn18211,NPRS16987,2495,1.0
TLZMKHRKWO,MLdy95286,NOSQ37945,2448,1.0
QXINLTFYFU,TLij02802,ONRT54689,2493,1.0
WIJWHOYLTH,YKxl94394,POQS31561,2366,1.0
AUSMEJJWXH,QHoh61035,MMTT71429,2165,1.0
MQSZETCCMF,DWxf33375,MMTR03452,2068,1.0
RCDFGZRASV,BLln13719,NNRS53459,2322,1.0
PCTDKBOQDB,UMtk86626,OMTS48216,2196,1.0
KSJQFBGGIV,ZCvn10528,NNQR50783,2195,1.0
BMAYHKXJCN,UXqh97810,PPSQ33070,2141,1.0
ZEIFXRDGDH,MXfi43734,MMTQ80518,2374,1.0
URSNMAAUEQ,JBby00016,NNSR00618,2440,1.0
FYFZGPRMHJ,EBaf80996,ONTR00330,2348,1.0
PRLZDLEBRV,IXov20988,OPRS32230,2272,1.0
OCAKCQDATO,GGfw06105,NNSS67118,2224,1.0
CVCMKJOLMZ,UUbv04117,MPRQ97026,2018,1.0
VUTJOKPBZQ,IUyf67660,MMSR16094,2160,1.0
WDIFFKAMEA,SZyp07322,OOTT14211,2091,1.0
WXTGEWRPYQ,YPvu89860,MNSS96544,2420,1.0
ZZKKVFBFOQ,JQkb65166,OPQR84419,2337,1.0
JQWEGPZCVX,GSna42447,NORQ62939,2396,1.0
KMCGFJARSV,OVlg12700,MNTT75918,2002,1.0
FJHMSPRWYJ,GVqr41238,NMQR22537,2096,1.0
AGGILPGZWU,GThg24876,PPTS75095,2092,1.0
WNSJTKWELS,DJbz17924,MOSQ98443,2282,1.0
SXCIZZNDIP,UJrn42224,NMQS70504,2361,1.0
ZOXPOBIQFX,CThc93949,NOST09716,2248,1.0
VGHKMFEKWL,GUdm31859,NPSQ09746,2464,1.0
QOJSODHYZV,QGid33581,OMSS56996,2083,1.0
IJTHUDMYKW,AYto68449,OPQS83080,2150,1.0
MHNEKJHTDG,FVxs40246,PPTR54967,2294,1.0
TAGEQNJSCT,AJub23031,POQR15488,2360,1.0
KQRPUQAHLG,BEmg72421,PORR24110,2332,1.0
SEFTLDYPYG,MGkk82251,NOST73457,2449,1.0
NFNTWXVVAT,VRku08293,MMRS43845,2094,1.0
LUDSCXCLDB,EVwq21462,PMRS19586,2460,1.0
YTGZRDAJNJ,CNuv87872,PMQS12457,2079,1.0
TYZJUYHTXB,JYli84306,NOSQ05867,2047,1.0
GCIQZRBIWR,AHoh87675,OORQ37892,2258,1.0
UCWVEYZBKX,BUym55133,NORQ33949,2412,1.0
OXVUSHFKWC,XQir20721,MORT51510,2328,1.0
MDHOHBWOOL,PNrk70359,PORT66126,2455,1.0
UZRHHOKBEG,YSyq70045,NOSR01179,2220,1.0
HQCNTRFCUS,NRpf71274,PMRQ59713,2011,1.0
SVEWQLWFGA,YNgc88937,NPQQ43462,2100,1.0
IBDAEHZYZR,BWsc40734,OPSS68962,2441,1.0
XAMTXLOGFC,GEmv38190,NPRS79080,2215,1.0
JONQYDIHKE,EUna00703,PMSR88119,2106,1.0
ATPGTGFXJY,KKmx80662,MORR94680,2032,1.0
BXLJCPNXLV,GGht78306,OPRT02646,2052,1.0
VAQBNNGAKD,YUea45212,ONST87502,2227,1.0
LPXVYMMUHT,MNpp42076,PMRT95272,2207,1.0
ISNBSEMAUK,DUau67601,NOTS50629,2154,1.0
RUEMHARFPI,NDyh07047,OPTS95869,2152,1.0
FCZXSBIXQE,FCii10140,ONST82368,2050,1.0
GTDJLXCQGA,OHab75386,MMRQ59305,2139,1.0
TNLWVQWOKM,OCyo79827,ONSQ40125,2439,1.0
ZOXFUBNXSG,ZYnh45795,OOSS55883,2090,1.0
QDBYKHLJVL,QRwd48531,MOSS16305,2500,1.0
SKAHWBOKUC,PNxb51216,PMQT04586,2317,1.0
TPWPZPLXAH,GIat82629,NNTS15033,2136,1.0
MHRTFJOGHU,LIvm70768,NORS16034,2138,1.0
GDGXQPWFQL,LEhr82237,PNQS92533,2320,1.0
ALZMCUCPRJ,HFkv52898,OORQ64858,2398,1.0
IZUZOFJKTJ,ZJzi66387,MNRS90220,2246,1.0
FOYMNOTUMW,MJln71172,NORS56701,2445,1.0
KFXKWQHHQV,QNqt48517,OMRS74996,2169,1.0
XZFOVACBVX,DAfk89780,MNSQ75975,2142,1.0
WLLGLBSZME,EIcp01474,NOST90799,2285,1.0
JFONWOSLXP,PJvs28112,OMTT52024,2311,1.0
YJXTEYRSAA,HZrp52063,PMQS50284,2262,1.0
QMDIMALEGG,JIba39608,NPQS37655,2358,1.0
THLKWSGEQM,RQtn75650,PNST62747,2221,1.0
QIDCERWOWH,UFnb75465,NNRR51113,2491,1.0
UBEYEDKBYQ,KVjf74768,OMRQ42270,2411,1.0
QUUPAKDXAC,QTsg42730,PMSR47760,2014,1.0
HIHJUOAMIE,IBaj71370,NNQR83269,2118,1.0
PATMOALKUK,SBwr87214,NORQ84405,2245,1.0
YMXJTFUFIA,CFkd91335,NOQQ80414,2344,1.0
PAHNKDYIWR,ZYws50426,NPRT75411,2443,1.0
FJSSTLQXWA,HEqj69777,MPTT81964,2335,1.0
VFBSZHOVIK,FXuw58631,PORS47005,2167,1.0
WUDYIFIHYW,AMzm70171,NNQS54396,2274,1.0
RTSKABAIJJ,XHzt12188,OORR69174,2399,1.0
WCZVOXIAIN,YHfq54986,MMTR21424,2058,1.0
EKNYALETSL,FJca36788,OMST38002,2456,1.0
NOTRMXGCJW,VLbd12934,OPRS36040,2266,1.0
OYQPPNZQNU,NLwr81482,PPRQ67594,2143,1.0
ZMBEUMPCWB,QAfv58408,OPST18645,2365,1.0
MHYMPFRCPE,PGqu80780,MNTR52872,2048,1.0
ZGKOQYIEVA,GZvj26788,OORR87737,2461,1.0
ZQMHNIHDUE,RHmd33067,MPSR73715,2314,1.0
FQRWWGJZIP,WYwy33460,PNST90566,2351,1.0
CZSTFLAQHN,ITdc07216,POTS20847,2271,1.0
TRKMMYOWPH,MBfr03371,NNSR03485,2024,1.0
DYTNPNSFEI,JUgl21649,NNRQ34678,2134,1.0
XGGAXARSEQ,CNio92593,OMST64642,2284,1.0
SOKWRDXMZG,PHre92144,NNSQ78349,2157,1.0
OXPPOOBKSQ,RWza95176,OOSR61877,2084,1.0
EDQYDAACVA,SNdq62564,NPQQ43347,2394,1.0
RVEYNYELZT,WVob72002,PMST46142,2161,1.0
EOKIOUPPIS,SQvx65585,OMSR42419,2093,1.0
PTPGIEESZQ,XTcn55245,NNQQ72807,2242,1.0
TQBJJRVNIQ,DIbd17169,MORT36094,2226,1.0
FGUSCRVXYY,RVsf77645,PMTR21063,2208,1.0
BBUWSRLHZZ,JSis15492,PNTS21513,2321,1.0
ISSYWSXAPZ,WDbv66943,NNTR81181,2375,1.0
OBAMPKYFFQ,VNvz24358,NOTT98508,2098,1.0
POVFIHXANH,JKwb10181,NMRS23109,2459,1.0
ELHTYXPGRP,AAct43929,PPTR70570,2330,1.0
YEUBLMFICO,RLbp17068,NPRQ90471,2054,1.0
YLJUUMRTKH,YGwr87824,MNST53967,2017,1.0
NJEOHFZPPV,CMag93901,NOSQ35147,2070,1.0
TNWRXIPSCF,TIcl21997,OMTQ76023,2102,1.0
BCJHLTJYIS,ZDjw01880,PPSS11973,2498,1.0
GFHNBYBHOI,EJvk56346,POTQ51380,2012,1.0
MBVGZHPYIB,IUat22996,MMQR71592,2324,1.0
QPZHFBAXCY,CDiu91912,OPQR98509,2236,1.0
VYRTKMWHHE,JVlj37672,PMQR16424,2149,1.0
AUREXGIIAR,BExy31385,ONQT46091,2107,1.0
QGNKZGMDOL,YTdr10211,MOQS97015,2273,1.0
KBGXAXYMNV,GJfi54128,ONQT92194,2067,1.0
WVYELXJWTR,DLre41284,NOQT94378,2112,1.0
VAEFHMXRLA,RNez39154,OMRR42170,2499,1.0
GBSTIYXOEO,IIhc86520,PNSQ96443,2450,1.0
HSVUUQYCKM,ZIrg56047,MMSR01059,2256,1.0
UJRWORKPGQ,IWmv63520,MOQQ86097,2286,1.0
UPZCRDVZAR,WTov16700,PNSR12767,2125,1.0
PQCQOMFYEQ,CFfe86042,NMRS33016,2251,1.0
EROTNZHYCX,NRvb78040,NPST85013,2182,1.0
BACUGXCWUH,UYdp71553,NNST59970,2009,1.0
TUIJSIINLK,UGav05067,NMTS30153,2354,1.0
CHTGHPBDZI,FObe08834,PNTQ66466,2124,1.0
LLTPYYGPUP,SUjv24280,OOST49335,2129,1.0
GVVQHRHOHC,FQxe04641,MNRQ62716,2471,1.0
GMLOUFLBQL,OXcs95325,MNQS19946,2404,1.0
YXIJULRLUS,SVun39806,PMQT96152,2077,1.0
AZEVAWUSQB,ZLph78232,MNSQ21061,2105,1.0
CQPMFJHSMI,AXjl00302,OPSR09449,2309,1.0
ZGPRAAKWQG,VJqv79149,NNRT75220,2027,1.0
MGWBCYRQGS,IUzf11365,NNTQ24001,2430,1.0
TBDGOQGIFV,VHix80317,POQR49631,2382,1.0
OYDXFLDIMI,BLrq81057,PMST31784,2137,1.0
QAZCHMXACF,WDtz39322,MPQR41813,2130,1.0
SBYZBKIXXI,BSwv93883,MNQT77464,2297,1.0
RBEWOZUWLY,PUfw25668,NPSR95408,2001,1.0
TLNVPRNJBK,OMwx56361,PPSS12960,2057,1.0
PQQJKGNCHL,SBni54024,MNTQ48273,2181,1.0
DOWYVAJJZS,KQpd69007,NOQQ19636,2062,1.0
BWEBTIVSHZ,FZng54615,MNSQ97981,2238,1.0
DMDQRYPPUX,PYnf71690,PMTR68247,2176,1.0
DHQMBJYLPB,CDwd01780,NPSQ51058,2214,1.0
CPFHHYLTQZ,MDil43244,ONTQ36860,2006,1.0
LGNOQNXFWM,CVhv27214,OPQR70862,2121,1.0
ROBBXAFAIT,LLqk91188,NPSQ02274,2350,1.0
YPELFUOFVM,VXsw63073,OPRQ60245,2402,1.0
RQNBXUYAJO,NAiy28880,MPST77528,2397,1.0
NMGWLZEIBL,QFbf09845,NOTS99933,2156,1.0
PBIOCRMDHB,ACus51183,NORT81851,2172,1.0
WQGHMEFCRD,GCnt84163,MPQR68033,2237,1.0
YDNWQBGWWL,EYlv54030,NMSQ35032,2327,1.0
UTXIWSDKJG,GVrl55056,PNRQ72171,2334,1.0
YYAYVCLJYU,YGqa02821,MOSR39810,2131,1.0
XRRQOHVRQA,HWkt82560,OPSS77540,2487,1.0
UYOUEVQGOE,FSic67173,MMSQ75941,2013,1.0
SILVQABPCF,VIep37112,ONRS54149,2349,1.0
ADCBCPFCJB,BMzo45779,NOQQ75188,2469,1.0
DBEJWYVTBR,XQjv37650,NPST31947,2415,1.0
ICZYIVSSDU,FZqp54269,NNRQ01940,2342,1.0
DNDMEEZLER,EKwl70466,MOSQ02665,2302,1.0
JZCGBTPSLJ,JOor54942,POSS41651,2467,1.0
DPOLUSXQQM,JNdq12582,ONRS06762,2287,1.0
JIUHTMJWIU,MNua69398,OMTS72628,2185,1.0
LQJHZQTMIG,BMxy45186,MNQQ53157,2082,1.0
UGPYDRXJJO,NNax82865,NPRQ08994,2465,1.0
ENHRSKVRIY,IRkt87860,NNRT98781,2275,1.0
OVXWHEMWQT,NPbr27554,PMQT46079,2496,1.0
MGMIFIGSZV,IUgj80443,NMQS30433,2486,1.0
LSYNELRYBS,ZXqh49240,OOST18331,2376,1.0
PVBASUQBPM,XAzw70732,MMQQ36054,2389,1.0
CLBXUHJWHC,KJrp08171,PPTR49761,2036,1.0
KABGRIOHEZ,AGmp73360,OOSS18524,2293,1.0
WPDTPPKMVL,DOzd88408,MPSS35206,2323,1.0
OAVKROSXPF,EYvw85610,OOTQ33370,2452,1.0
ITPCDXSJGB,OFlk34114,OPSR30662,2438,1.0
GQDFEJQXVI,GVou46126,OMRT59126,2144,1.0
WXIMDAODRV,NUzu72791,PMRR02141,2489,1.0
MEWCNWTGJN,UCyn06900,ONQT02167,2422,1.0
YVIMZKWWFQ,GUoe44348,OMTS53399,2407,1.0
UOTWNOHRHR,JKuh66499,PORR03889,2222,1.0
QGGODBKIAH,FPvx47007,PMQT53442,2436,1.0
VMTXXTMRFM,HFer81267,NMRR12028,2264,1.0
JPLQEOKGOI,JWiu52348,MOSQ85279,2325,1.0
EFLWBULWMT,APtd88603,MORQ08965,2247,1.0
EOPTXNFLGU,RYjx13038,NMRT62778,2442,1.0
SJOLZRYUYJ,UJtg95350,PPTQ69306,2155,1.0
DPGTPJLCIF,BKlv45980,NPTS84746,2178,1.0
ZIYZUBXXMU,HXrz15593,MNSR35683,2416,1.0
MRFLCLCCHJ,FUup40580,OMQQ21819,2239,1.0
KEAETLYPJG,PFdt30602,OOTQ44810,2447,1.0
KZCCHJZOBV,XXje57096,PPTS80780,2205,1.0
OTVBSSZAYK,NBhw77739,PMQR70044,2235,1.0
SVVYAPJFWF,ZUyy92781,ONSS03441,2485,1.0
HWNTDPQIXO,FEab38232,OOQT43437,2049,1.0
MMWFQWSPFM,XWcg12960,NORQ46099,2026,1.0
JABWSCFNCQ,WLbh60324,NPQR86002,2355,1.0
QUEXQVEQBW,LRhk46006,ONSQ14246,2279,1.0
OZRQMIIMEP,SBef79357,PORR53496,2414,1.0
JVRFMMVNDM,WQzg74214,ONRQ44925,2378,1.0
FKGUVYQRBS,OSrl52117,OMST25569,2147,1.0
ONRFIZMXMU,ZPzn93289,POST74932,2257,1.0
JHHTEDMHSE,SMhc78241,MPSS81157,2197,1.0
SUWGWIXJTK,YCee76581,MOSQ14455,2223,1.0
DWYPWHNQSX,NDxm75800,MNRR30158,2313,1.0
RCWKWZFTDB,YPsa10936,MMQQ79645,2479,1.0
PFIQYLXKOT,ALkn36723,POSS34616,2392,1.0
IDZCFBXOXB,CKqm34729,PPQQ93084,2352,1.0
HWDNDTBJAP,YKuy80146,MNSQ41423,2296,1.0
LQHHJFROLR,RByk36574,OPTQ50303,2069,1.0
RRVXSWQNXP,LHav15253,MMSR58270,2230,1.0
VMZUEYONVS,IZve62404,OPRR71476,2306,1.0
KAAWBOWJXG,ELeq19570,NMTS31972,2277,1.0
YUVQEDUCFX,UCyn15984,ONRQ52521,2359,1.0
QMTNQRCURF,KQre02401,NNSS75703,2383,1.0
SGSZLPBTCU,LSfe57453,MMQT62895,2158,1.0
GRKBAKMZYJ,LRns76741,NNSQ84338,2473,1.0
GCXUDODQWC,FIal16962,MPTQ62150,2267,1.0
FVPWFETZWA,SIhn74757,PNTQ93197,2494,1.0
RLRSLAJFHS,GOth63869,NNQS53689,2104,1.0
WMFEOGUENA,UUhy62576,PORQ82156,2386,1.0
WSDCHROWWN,CMxh82723,OMRQ37471,2497,1.0
EWTDNESOHH,NPqi29253,POST91616,2444,1.0
PUEDAZVKHE,ESqe21717,NOQT34876,2241,1.0
VVULRYQVCI,NHko72566,PMST64714,2076,1.0
CAGPRVTAIT,AYzp82387,OOQS20308,2345,1.0
ZCBQUBINHX,FTmp34700,MOTS72641,2381,1.0
GPPHRKECBG,JAvk73061,MMQQ78682,2303,1.0
FZTPJPSYBI,AMey73371,NORQ74791,2064,1.0
BMXDGXOVQF,IQvw91540,PPRT23081,2492,1.0
MPJRCIVRNR,SQpl08425,NPRT93026,2488,1.0
YFHSLWEZEI,HOfv43188,PNRS86527,2029,1.0
YNUUBFLFSD,ZLfj55677,OPSR30599,2453,1.0
TGRKVFRTIS,VKru67153,ONQQ39427,2016,1.0
UYEMIAMURA,PUle48872,OOSR14567,2033,1.0
PIPZVKPOER,HOyj81868,NPQT13528,2316,1.0
FSZFDPIEOT,AZvr39135,NMSR26908,2429,1.0
JXMYHBHXAV,HPhw54518,PORT72571,2135,1.0
LJUQRLPDVO,QLbk79610,OMTT40016,2046,1.0
RFIQZLFYBY,HLmk84990,PMTT19784,2413,1.0
ZPYRHOXBVD,WExq66790,NPRT05742,2259,1.0
OUQOJSWLKT,UGdj19230,PMTS57679,2289,1.0
GJESKXAEJI,HEvp30596,OMQR13196,2030,1.0
VNUYKUXZGC,CVfz34519,OORT30129,2288,1.0
MZXMTCBBNT,LEqt59974,NOTT45665,2145,1.0
SQKMBAMLGG,VTvz05840,MMQQ15672,2280,1.0
FKTYDDRADY,EAoa95692,NNQR11757,2490,1.0
YQZFZRTFHX,VMiw95964,MPQQ07520,2377,1.0
XPDSTXPOJB,OAuc41896,PNTS87313,2252,1.0
DEPWTXXKJS,WDex55726,ONRR90341,2177,1.0
FLXKMSIDFW,QFwi05908,NPSR88913,2373,1.0
WRMEMKXMCH,HUoc60589,MOSS75400,2446,1.0
BLDIMLILGD,DRqy52288,MNSQ89364,2419,1.0
NHJYPGUPJN,QXxw04213,PNTR98657,2240,1.0
