t6,t5,_SKm2_norm_2-Y2([060528a5a6dcdc2])
t8,t5,_SKm2_norm_2-Y2([931b8bfc5178316])
_SKt1-x5([8fe8e5d15c43cbd]),_SKt1-Y2([8fe8e5d15c43cbd]),_SKt1-x5([8fe8e5d15c43cbd])
_SKm1-Y2([6148776c62c7f8e]),x5,x6
_SKt1-x5([8d6194da1da5c35]),_SKt1-Y2([8d6194da1da5c35]),_SKt1-x5([8d6194da1da5c35])
t2,t2,t2
x2,x2,x2
_SKm1-Y2([37e59276927e290]),t3,t4
_SKt1-x5([2ee447f87155305]),_SKt1-Y2([2ee447f87155305]),_SKt1-x5([2ee447f87155305])
_SKm1-Y2([6e08f1d79ab0eab]),x5,x6
_SKt1-x5([60c012b1f339bb1]),_SKt1-Y2([60c012b1f339bb1]),_SKt1-x5([60c012b1f339bb1])
_SKm1-Y2([9b3d4b91e985a7b]),x3,x4
t8,t5,_SKm3_norm_2-Y2([052da714b17cc78])
